Rk,Player,Tm,Age,Pos,G,GS,Int,Tgt,Cmp,Cmp%,Yds,Yds/Cmp,Yds/Tgt,TD,Rat,DADOT,Air,YAC,Bltz,Hrry,QBKD,Sk,Prss,Comb,MTkl,MTkl%
1,Jordyn Brooks,SEA,24,RILB,17,17,0,96,77,80.20%,865,11.2,9,4,118.1,5,314,551,46,3,2,1,6,184,9,4.70%
2,C.J. Mosley,NYJ,29,LLB,16,16,0,68,58,85.30%,525,9.1,7.7,3,113.5,3.6,220,305,50,0,1,2,3,168,18,9.70%
3,De'Vondre Campbell+,GNB,28,RILB,16,16,2,73,52,71.20%,356,6.8,4.9,1,74.9,3.3,153,203,43,1,4,2,7,146,4,2.70%
4,Foyesade Oluokun,ATL,26,RILB,17,17,3,63,51,81.00%,492,9.6,7.8,2,89.9,5.9,267,225,53,2,5,2,9,192,11,5.40%
5,Denzel Perryman*,LVR,29,MLB,15,15,0,80,63,78.80%,511,8.1,6.4,5,114.1,5.4,316,195,14,0,3,0,3,154,15,8.90%
6,Roquan Smith,CHI,24,RILB,17,17,1,66,47,71.20%,343,7.3,5.2,0,76.8,2.5,68,275,44,5,0,3,8,163,6,3.60%
7,Bobby Wagner*,SEA,31,LILB,16,16,1,87,71,81.60%,593,8.4,6.8,2,97.9,3.9,246,347,41,3,2,1,6,170,12,6.60%
8,Kyzir White,LAC,25,LILB,17,17,2,59,45,76.30%,358,8,6.1,2,88.1,2.7,111,247,31,2,3,1,6,144,8,5.30%
9,Bobby Okereke,IND,25,MLB,17,17,2,73,54,74.00%,427,7.9,5.8,4,94.9,3.6,150,277,38,1,1,1,3,132,11,7.70%
10,Deion Jones,ATL,27,LILB,16,16,0,84,66,78.60%,584,8.8,7,5,115.5,2.6,162,422,39,3,1,2,6,137,17,11.00%
11,Devin White*,TAM,23,LILB,17,17,0,78,64,82.10%,544,8.5,7,0,95.7,3.1,208,336,133,15,12,3.5,31,128,15,10.50%
12,Minkah Fitzpatrick,PIT,25,FS,16,16,2,56,35,62.50%,429,12.3,7.7,2,83.1,10.8,272,157,3,0,0,0,0,124,13,9.50%
13,Cole Holcomb,WAS,25,LLB,16,16,2,81,60,74.10%,579,9.7,7.1,3,95.7,5.7,262,317,52,4,1,1,6,142,12,7.80%
14,Harrison Smith*,MIN,32,SS,15,15,1,40,29,72.50%,368,12.7,9.2,1,98.7,12,283,85,40,1,2,3,6,114,7,5.80%
15,Kenny Moore*,IND,26,RCB,17,16,4,121,81,66.90%,763,9.4,6.3,6,86.9,7.1,378,385,19,0,0,1,1,102,13,11.30%
16,Eric Kendricks,MIN,29,MLB,15,15,2,58,43,74.10%,485,11.3,8.4,3,101.6,5.9,214,271,67,2,0,5,7,143,15,9.50%
17,Alex Singleton,PHI,28,RLB,16,8,1,74,63,85.10%,494,7.8,6.7,5,111.4,2.1,112,382,19,1,2,0,3,137,20,12.70%
18,Jalen Thompson,ARI,23,FS,17,12,3,61,41,67.20%,502,12.2,8.2,5,99.2,10.1,356,146,5,0,2,0,2,121,7,5.50%
19,Fred Warner,SFO,25,MLB,16,16,0,62,49,79.00%,428,8.7,6.9,3,111.6,3.1,135,293,28,1,2,0.5,4,137,11,7.40%
20,Logan Ryan,NYG,30,SS/FS,15,15,0,52,35,67.30%,442,12.6,8.5,2,106.4,9.5,316,126,31,4,1,1,6,117,8,6.40%
21,Adrian Amos,GNB,28,SS,17,17,2,63,39,61.90%,442,11.3,7,6,101.4,9.7,259,183,7,0,0,0,0,93,8,7.90%
22,Jeremy Chinn,CAR,23,FS,16,16,1,51,33,64.70%,303,9.2,5.9,5,105.3,6.3,141,162,46,4,4,1,9,107,12,10.10%
23,Jordan Hicks,ARI,29,RILB,17,17,0,62,45,72.60%,414,9.2,6.7,3,106.5,3.5,123,291,49,3,1,4,8,116,9,7.20%
24,Derwin James*,LAC,25,SS,15,15,2,60,34,56.70%,327,9.6,5.5,1,63.7,7.5,163,164,21,2,4,2,9,118,9,7.10%
25,Shaquille Leonard*+,IND,26,LLB,16,16,4,61,43,70.50%,435,10.1,7.1,3,79.6,4.6,163,272,42,2,3,0,5,122,6,4.70%
26,Tracy Walker,DET,26,SS,15,15,1,48,30,62.50%,440,14.7,9.2,2,97.6,13.5,307,133,10,0,0,1,1,108,11,9.20%
27,Quincy Williams,NYJ,25,MLB,16,13,0,51,34,66.70%,273,8,5.4,0,79.9,3.1,22,251,37,0,2,2,4,110,12,9.80%
28,Xavier Woods,MIN,26,FS,17,17,3,50,30,60.00%,525,17.5,10.5,6,110.4,13.7,346,179,8,0,0,1,1,108,7,6.10%
29,Kamu Grugier-Hill,HOU,27,LLB,14,14,1,47,37,78.70%,307,8.3,6.5,2,99.2,4.4,150,157,31,2,2,3,7,108,10,8.50%
30,Nick Bolton,KAN,21,RLB,16,12,0,45,36,80.00%,429,11.9,9.5,1,113.8,4.3,145,284,35,5,3,0,8,112,4,3.40%
31,Demario Davis,NOR,32,MLB,16,16,0,59,40,67.80%,334,8.4,5.7,0,82.2,5.6,155,179,51,1,6,3,10,105,9,7.90%
32,Kyle Dugger,NWE,25,DB,15,13,4,50,32,64.00%,295,9.2,5.9,3,66.7,7.6,177,118,11,0,2,0,2,92,9,8.90%
33,Tremaine Edmunds,BUF,23,MLB,15,15,1,59,46,78.00%,498,10.8,8.4,2,106.1,4.7,169,329,54,6,1,0,7,108,10,8.50%
34,Joe Schobert,PIT,28,LILB,16,15,1,48,34,70.80%,353,10.4,7.4,1,90,5.3,172,181,24,1,1,0,2,112,9,7.40%
35,Isaiah Simmons,ARI,23,LILB,17,17,1,71,49,69.00%,473,9.7,6.7,2,90.9,5.8,204,269,59,2,2,1.5,6,105,11,9.50%
36,Nasir Adderley,LAC,24,FS,15,15,0,49,30,61.20%,398,13.3,8.1,6,126.5,11.3,249,149,3,0,1,0.5,2,99,16,13.90%
37,Anthony Walker,CLE,26,MLB,13,12,0,40,33,82.50%,277,8.4,6.9,0,95.5,2.3,46,231,15,3,0,1,4,113,7,5.80%
38,Ja'Whaun Bentley,NWE,25,LILB,16,16,0,43,29,67.40%,299,10.3,7,0,87.3,6.3,125,174,32,3,5,1,9,109,8,6.80%
39,Desmond King,HOU,27,LCB,16,12,3,100,66,66.00%,752,11.4,7.5,5,92.6,8.5,447,305,6,0,0,0,0,93,9,8.80%
40,Patrick Queen,BAL,22,RILB,17,17,0,52,43,82.70%,451,10.5,8.7,2,115.6,3.8,112,339,46,2,1,2,5,98,14,12.50%
41,Jessie Bates III,CIN,24,FS,15,15,1,45,36,80.00%,538,14.9,12,2,122,12,417,121,10,2,0,0,2,88,7,7.40%
42,Jayron Kearse,DAL,27,SS,16,15,2,65,40,61.50%,416,10.4,6.4,2,77.5,6.8,179,237,24,2,5,1,8,101,4,3.80%
43,Quandre Diggs*,SEA,28,FS,17,17,5,44,29,65.90%,406,14,9.2,1,63.4,14,290,116,2,0,0,0,0,94,11,10.50%
44,Bryce Hall,NYJ,24,LCB,17,17,0,109,69,63.30%,794,11.5,7.3,7,106.6,12.7,569,225,11,1,1,0.5,3,79,5,6.00%
45,Jordan Poyer+,BUF,30,SS,16,16,5,40,22,55.00%,245,11.1,6.1,1,42.2,11,144,101,27,5,0,3,8,93,12,11.40%
46,Shaq Thompson,CAR,27,LLB,14,13,2,56,39,69.60%,306,7.8,5.5,0,68,3.6,127,179,45,0,4,2,6,104,14,11.90%
47,Johnathan Abram,LVR,25,SS,14,14,1,72,57,79.20%,483,8.5,6.7,5,112,6.1,251,232,23,2,3,0,5,116,14,10.80%
48,Vonn Bell,CIN,27,SS,16,16,1,57,43,75.40%,525,12.2,9.2,3,113.6,8.9,280,245,24,5,0,0.5,6,97,10,9.30%
49,Tae Crowder,NYG,24,RILB,17,17,2,74,59,79.70%,525,8.9,7.1,4,103,4.4,217,308,37,4,1,0,5,130,8,5.80%
50,T.J. Edwards,PHI,25,MLB,16,14,1,52,41,78.80%,351,8.6,6.8,2,99.6,4.3,146,205,12,0,1,1,2,130,9,6.50%
51,Kendall Fuller,WAS,26,LCB,16,16,1,113,76,67.30%,805,10.6,7.1,4,95.9,9.4,535,270,6,1,0,1,2,77,9,10.50%
52,Micah Parsons*+,DAL,22,LLB,16,16,0,36,22,61.10%,160,7.3,4.4,0,71.5,3.1,37,123,114,16,17,13,47,84,10,10.60%
53,Taylor Rapp,LAR,24,FS,17,17,4,58,43,74.10%,565,13.1,9.7,4,98.7,8.5,312,253,17,0,1,1.5,3,94,11,10.50%
54,Budda Baker*,ARI,25,SS,17,17,3,32,22,68.80%,248,11.3,7.8,2,73.4,10.8,175,73,35,3,1,2,6,98,12,10.90%
55,Lavonte David,TAM,31,RILB,12,12,0,67,54,80.60%,401,7.4,6,3,106.5,2.7,109,292,41,1,2,2,5,97,9,8.50%
56,Terrell Edmunds,PIT,24,SS,17,17,2,53,30,56.60%,224,7.5,4.2,2,63.7,5.8,111,113,10,2,0,1,3,89,10,10.10%
57,Jordan Fuller,LAR,23,SS,16,16,1,63,42,66.70%,567,13.5,9,2,99.1,11.2,351,216,2,0,0,0,0,113,9,7.40%
58,Jerome Baker,MIA,25,LLB,16,16,1,69,48,69.60%,405,8.4,5.9,2,88.1,4.8,156,249,91,3,9,5.5,18,92,7,7.10%
59,Kamren Curl,WAS,22,FS,16,14,0,59,35,59.30%,347,9.9,5.9,3,93,8.3,230,117,22,1,1,1,3,99,6,5.70%
60,Will Harris,DET,26,FS,17,17,0,79,58,73.40%,732,12.6,9.3,5,123,10.1,476,256,16,0,0,0.5,1,93,5,5.10%
61,Myles Jack,JAX,26,RILB,15,15,0,60,47,78.30%,439,9.3,7.3,2,108.3,5.4,174,265,53,3,1,0,4,108,4,3.60%
62,Kareem Jackson,DEN,33,SS,15,15,1,36,28,77.80%,343,12.3,9.5,2,113.3,9.6,203,140,1,0,0,1,1,88,11,11.10%
63,Jalen Ramsey*+,LAR,27,RCB,16,16,4,98,58,59.20%,624,10.8,6.4,3,71.1,8.4,321,303,16,3,1,0,4,77,5,6.10%
64,D.J. Reed,SEA,25,RCB,14,14,2,88,42,47.70%,507,12.1,5.8,3,67.8,10.6,344,163,0,0,0,0,0,78,6,7.10%
65,Antoine Winfield Jr.*,TAM,23,SS,13,13,2,45,33,73.30%,358,10.8,8,2,92.6,10.6,233,125,21,2,1,2,5,88,12,12.00%
66,Tyrann Mathieu*,KAN,29,SS,16,16,3,52,36,69.20%,419,11.6,8.1,3,88.5,5.9,175,244,34,5,0,1,6,76,8,9.50%
67,Justin Simmons,DEN,28,FS,17,17,5,54,32,59.30%,455,14.2,8.4,3,66.5,9.4,222,233,7,1,0,1.5,3,80,6,7.00%
68,Darious Williams,LAR,28,LCB,14,13,0,92,57,62.00%,610,10.7,6.6,4,95.8,10.3,409,201,0,0,0,0,0,71,6,7.80%
69,Anthony Brown,DAL,28,RCB,16,16,3,122,65,53.30%,836,12.9,6.9,5,78.4,12.2,518,318,0,0,0,0,0,71,6,7.80%
70,Xavier McKinney,NYG,22,FS/SS,17,16,5,56,38,67.90%,443,11.7,7.9,3,72.2,9.6,252,191,3,1,0,0,1,93,10,9.70%
71,Damien Wilson,JAX,28,LILB,17,17,1,46,32,69.60%,338,10.6,7.3,1,88.9,7.3,199,139,43,2,2,3,7,106,13,10.90%
72,Azeez Al-Shaair,SFO,24,LLB,13,13,1,66,53,80.30%,409,7.7,6.2,3,101.3,1.5,62,347,25,2,0,2,5,102,12,10.50%
73,Krys Barnes,GNB,23,LILB,16,13,0,54,47,87.00%,410,8.7,7.6,2,110.6,2.6,111,299,14,1,0,1,2,81,10,11.00%
74,Jordan Whitehead,TAM,24,FS,14,14,2,57,36,63.20%,308,8.6,5.4,0,62.6,6.1,145,163,30,2,1,0,3,73,11,13.10%
75,Kevin Byard*+,TEN,28,SS,17,17,5,58,30,51.70%,428,14.3,7.4,5,68.7,10.2,258,170,19,1,2,1,4,88,2,2.20%
76,Matt Milano,BUF,27,LLB,16,16,0,58,32,55.20%,252,7.9,4.3,1,71.9,4.3,93,159,58,4,3,3,10,86,11,11.30%
77,Germaine Pratt,CIN,25,MLB,15,15,1,48,37,77.10%,344,9.3,7.2,2,101.4,2.8,99,245,34,1,1,0.5,3,91,8,8.10%
78,L'Jarius Sneed,KAN,24,RCB,15,15,2,80,55,68.80%,585,10.6,7.3,3,91.9,7.5,309,276,47,4,2,1,7,76,11,12.60%
79,Logan Wilson,CIN,25,LLB,13,13,4,55,47,85.50%,465,9.9,8.5,3,89.8,3.9,163,302,24,2,1,1,4,100,13,11.50%
80,Andrew Wingard,JAX,25,SS,15,15,1,29,21,72.40%,213,10.1,7.3,4,118.2,7.7,110,103,13,1,0,1,2,88,17,16.20%
81,Jamal Adams,SEA,26,SS,12,12,2,51,30,58.80%,403,13.4,7.9,4,93.8,8.2,176,227,44,5,1,0,6,87,7,7.40%
82,Rayshawn Jenkins,JAX,27,SS,14,14,0,45,28,62.20%,384,13.7,8.5,1,96.9,11.2,232,152,17,1,1,0,2,73,8,9.90%
83,Adrian Phillips,NWE,29,SS,17,13,4,57,34,59.60%,310,9.1,5.4,4,68.6,6.2,163,147,16,2,1,0,3,92,7,7.10%
84,Paulson Adebo,NOR,22,LCB,17,17,3,89,55,61.80%,715,13,8,5,91.7,11.9,482,233,0,0,0,0,0,66,10,13.20%
85,Christian Kirksey,HOU,29,MLB,13,12,1,40,28,70.00%,373,13.3,9.3,1,97.2,9.2,208,165,24,0,2,0,2,93,8,7.90%
86,Marshon Lattimore*,NOR,25,RCB,16,16,3,106,61,57.50%,826,13.5,7.8,7,92.7,12.6,523,303,3,0,1,0,1,68,3,4.20%
87,Alec Ogletree,CHI,30,LILB,16,16,0,34,26,76.50%,248,9.5,7.3,1,106,6.6,94,154,19,1,2,0,3,87,10,10.30%
88,Eddie Jackson,CHI,28,FS,14,14,0,41,27,65.90%,463,17.1,11.3,6,143.6,12,326,137,5,0,0,0,0,76,8,9.50%
89,Chidobe Awuzie,CIN,26,RCB,14,14,2,91,53,58.20%,494,9.3,5.4,3,75.1,11.9,301,193,1,0,0,0,0,64,5,7.20%
90,Cameron Heyward*+,PIT,32,RDE,17,17,1,3,1,33.30%,7,7,2.3,0,2.8,-4,-4,11,0,15,6,10,32,89,5,5.30%
91,Micah Hyde,BUF,31,FS,17,17,5,45,29,64.40%,371,12.8,8.2,3,72.8,12.5,290,81,34,3,1,1,5,74,11,12.90%
92,Malcolm Jenkins,NOR,34,SS,16,16,1,68,39,57.40%,413,10.6,6.1,2,78.9,8.4,218,195,39,4,1,1,6,79,12,13.20%
93,Taron Johnson,BUF,25,RLB,16,15,1,69,38,55.10%,396,10.4,5.7,2,75.5,6.1,148,248,18,2,0,3,5,76,13,14.60%
94,Avonte Maddox,PHI,25,LB,16,5,1,74,56,75.70%,412,7.4,5.6,1,87.2,4.6,177,235,12,0,2,0.5,3,73,7,8.80%
95,Jalen Reeves-Maybin,DET,26,RILB,15,11,0,38,26,68.40%,187,7.2,4.9,2,97.1,2.9,36,151,46,2,1,0,3,82,9,9.90%
96,Rasul Douglas,GNB,27,RCB,12,9,5,64,32,50.00%,351,11,5.5,2,44.5,11.4,267,84,0,0,0,0,0,57,5,8.10%
97,AJ Terrell,ATL,23,LCB,16,16,3,86,43,50.00%,417,9.7,4.8,3,61,9.6,218,199,4,0,0,1,1,81,6,6.90%
98,Marcus Williams,NOR,25,FS,16,16,2,43,21,48.80%,401,19.1,9.3,3,85.5,17,323,78,1,0,0,0,0,74,7,8.60%
99,Landon Collins,WAS,27,SS,13,13,2,61,43,70.50%,508,11.8,8.3,8,121.4,6.1,294,214,25,0,0,3,3,81,13,13.80%
100,Zach Cunningham,2TM,27,LB/RLB,14,11,0,51,42,82.40%,341,8.1,6.7,2,107.6,4,146,195,27,0,1,0,1,93,16,14.70%
101,Nate Hobbs,LVR,22,DB,16,9,1,62,51,82.30%,399,7.8,6.4,1,92.1,3.5,81,318,15,1,3,1,5,74,8,9.80%
102,Harold Landry*,TEN,25,ROLB,17,17,0,27,23,85.20%,211,9.2,7.8,2,123.9,2.2,64,147,35,21,9,12,43,75,4,5.10%
103,Cory Littleton,LVR,28,LLB,17,13,0,56,41,73.20%,350,8.5,6.3,1,95.1,4.4,100,250,9,1,1,0.5,3,98,8,7.50%
104,Tavierre Thomas,HOU,25,DB,17,8,2,42,26,61.90%,217,8.3,5.2,1,63.3,5.7,115,102,29,1,1,0,2,86,5,5.50%
105,Jimmie Ward,SFO,30,FS,16,16,2,44,26,59.10%,315,12.1,7.2,4,92.5,11.3,191,124,10,1,0,0,1,77,0,0.00%
106,Josh Bynes,BAL,32,LILB,14,12,0,31,18,58.10%,173,9.6,5.6,1,84.5,5.4,99,74,22,1,1,2,4,76,5,6.20%
107,Brandin Echols,NYJ,24,RCB,14,14,2,75,46,61.30%,599,13,8,1,79.8,10.9,421,178,2,0,0,0,0,63,11,14.90%
108,Donte Jackson,CAR,26,LCB,12,12,2,67,42,62.70%,478,11.4,7.1,3,86.5,10.9,328,150,0,0,0,0,0,61,9,12.90%
109,Andrew Van Ginkel,MIA,26,RLB,17,14,0,29,23,79.30%,246,10.7,8.5,0,102,1.5,22,224,115,12,14,4,31,71,14,16.50%
110,Alex Anzalone,DET,27,LILB,14,14,1,39,27,69.20%,237,8.8,6.1,0,74.4,5,95,142,37,0,1,1,2,78,15,16.10%
111,Tyson Campbell,JAX,21,RCB,15,14,2,81,54,66.70%,667,12.4,8.2,3,94,9.7,438,229,1,0,0,0,0,73,10,12.00%
112,Chuck Clark,BAL,26,SS,16,16,2,48,27,56.30%,419,15.5,8.7,2,81.9,9.4,248,171,39,5,0,1,6,80,8,9.10%
113,Byron Murphy,ARI,23,LCB,16,16,4,98,64,65.30%,731,11.4,7.5,5,87.6,7.7,443,288,20,3,0,0.5,4,64,7,9.90%
114,Jeremiah Owusu-Koramoah,CLE,22,LLB,14,10,0,38,24,63.20%,141,5.9,3.7,0,70.2,1.3,16,125,38,1,1,1.5,5,76,16,17.40%
115,Brandon Stephens,BAL,24,FS,17,11,0,41,31,75.60%,387,12.5,9.4,3,128.8,10,243,144,23,0,1,0,1,78,5,6.00%
116,Christian Wilkins,MIA,26,RDE,17,17,0,1,1,100.00%,19,19,19,0,118.7,3,3,16,0,5,7,4.5,17,89,5,5.30%
117,Jamin Davis,WAS,23,MLB,16,8,0,42,36,85.70%,328,9.1,7.8,1,107.1,3.9,126,202,48,2,2,1,5,76,11,12.60%
118,Mike Hilton,CIN,27,DB,17,9,2,85,61,71.80%,653,10.7,7.7,4,99.8,7.7,431,222,29,4,2,0,6,66,9,12.00%
119,Jevon Holland,MIA,21,FS,16,13,2,33,20,60.60%,339,17,10.3,4,109.7,15.6,272,67,51,1,4,2.5,8,69,9,11.50%
120,Brandon Jones,MIA,23,SS,15,13,1,33,27,81.80%,330,12.2,10,0,95.7,7.3,193,137,69,4,5,5,14,79,11,12.20%
121,Eric Murray,HOU,27,FS,16,11,1,37,23,62.20%,364,15.8,9.8,2,101.6,12.3,238,126,4,0,0,0,0,76,7,8.40%
122,Nik Needham,MIA,25,DB,17,5,2,63,41,65.10%,459,11.2,7.3,0,73.4,7.1,225,234,20,0,1,1,2,59,5,7.80%
123,Troy Reeder,LAR,27,LLB,17,10,2,57,46,80.70%,387,8.4,6.8,3,97.9,2.9,123,264,18,1,2,2,5,91,15,14.20%
124,Darnell Savage Jr.,GNB,24,FS,17,17,2,57,37,64.90%,496,13.4,8.7,8,117.4,11.5,244,252,5,2,0,0,2,63,10,13.70%
125,Leighton Vander Esch,DAL,25,RLB,17,16,1,38,27,71.10%,263,9.7,6.9,1,87.9,1.8,37,226,36,3,0,1,4,77,8,9.40%
126,Charvarius Ward,KAN,25,LCB,13,12,2,76,39,51.30%,511,13.1,6.7,4,79.4,13.9,316,195,3,1,0,0,1,67,3,4.30%
127,T.J. Watt*+,PIT,27,LOLB,15,15,0,4,4,100.00%,41,10.3,10.3,0,109.4,3,12,29,45,15,13,22.5,52,64,13,16.90%
128,Bashaud Breeland,MIN,29,RCB,13,13,2,88,56,63.60%,778,13.9,8.8,7,109,11,493,285,1,0,0,0,0,63,13,17.10%
129,Adoree' Jackson,NYG,26,RCB,13,12,1,73,38,52.10%,353,9.3,4.8,2,69,10.7,252,101,2,0,0,0,0,62,6,8.80%
130,Byron Jones,MIA,29,LCB,16,16,0,90,54,60.00%,729,13.5,8.1,4,100.6,11.3,444,285,3,0,0,0,0,58,2,3.30%
131,Jourdan Lewis,DAL,26,DB,16,13,3,76,52,68.40%,686,13.2,9,3,93.4,8.5,381,305,9,0,1,1.5,3,61,9,12.90%
132,Bobby McCain,WAS,28,FS,17,16,4,32,20,62.50%,311,15.6,9.7,1,65.5,13.1,213,98,4,0,0,0,0,63,8,11.30%
133,Levi Wallace,BUF,26,RCB,17,17,2,81,47,58.00%,470,10,5.8,2,72.6,9.8,266,204,3,0,0,0,0,58,7,10.80%
134,Josh Allen,JAX,24,LOLB,16,15,1,9,5,55.60%,67,13.4,7.4,0,39.8,4,19,48,29,9,6,7.5,23,71,5,6.60%
135,Anthony Averett,BAL,27,LCB,14,14,3,101,56,55.40%,768,13.7,7.6,3,77.5,11.3,513,255,3,1,0,0,1,54,8,12.90%
136,Erik Harris,ATL,31,SS,12,12,0,41,28,68.30%,309,11,7.5,1,98.5,9.3,196,113,9,1,1,0.5,3,64,11,14.70%
137,Alex Highsmith,PIT,24,ROLB,16,16,0,11,8,72.70%,44,5.5,4,0,79.4,0.3,-4,48,63,12,7,6,26,74,6,7.50%
138,David Long,TEN,25,LILB,10,9,2,41,29,70.70%,200,6.9,4.9,0,61,4.6,63,137,23,1,2,0,3,75,13,14.80%
139,Michael Carter,NYJ,22,DB,15,7,0,73,55,75.30%,551,10,7.5,1,100.9,6.5,283,268,26,3,1,1,5,72,8,10.00%
140,Sidney Jones,SEA,25,LCB,16,11,0,77,47,61.00%,419,8.9,5.4,2,84.3,8.5,265,154,1,0,0,0,0,66,3,4.30%
141,Terrance Mitchell,HOU,29,RCB,14,13,1,76,45,59.20%,556,12.4,7.3,5,98.4,9.1,410,146,0,0,0,0,0,60,8,11.80%
142,George Odum,IND,28,SS,17,7,1,28,19,67.90%,292,15.4,10.4,3,122.9,12.4,205,87,3,1,1,0,2,55,4,6.80%
143,Patrick Surtain II,DEN,21,LCB/RCB,16,15,4,96,49,51.00%,545,11.1,5.7,3,61.3,11.4,382,163,0,0,0,0,0,58,5,7.90%
144,Drue Tranquill,LAC,26,RILB,14,7,0,33,26,78.80%,234,9,7.1,2,116.4,0.8,0,234,27,4,1,1.5,7,76,4,5.00%
145,Nick Vigil,MIN,28,RLB,16,12,1,49,41,83.70%,369,9,7.5,0,89.5,3.3,131,238,25,5,1,1,7,85,7,7.60%
146,Cameron Dantzler,MIN,23,LCB,14,7,1,74,40,54.10%,349,8.7,4.7,3,74.7,9.2,243,106,2,0,0,0,0,53,4,7.00%
147,Jamel Dean,TAM,25,LCB,15,11,2,66,32,48.50%,319,10,4.8,0,50,9.2,203,116,1,0,0,0,0,53,4,7.00%
148,Duron Harmon,ATL,30,FS,17,17,2,40,29,72.50%,393,13.6,9.8,2,99.3,9.9,257,136,12,0,1,0,1,67,2,2.90%
149,Marlon Humphrey,BAL,25,RCB,12,12,1,84,45,53.60%,665,14.8,7.9,6,98.6,11.3,383,282,8,0,1,0,1,58,8,12.10%
150,J.C. Jackson*,NWE,26,LCB,17,17,8,106,52,49.10%,658,12.7,6.2,3,46.8,11.2,405,253,1,0,0,0,0,58,11,15.90%
151,Fabian Moreau,ATL,27,RCB,16,16,0,88,55,62.50%,647,11.8,7.4,8,115.1,10.1,404,243,3,0,0,0,0,61,8,11.60%
152,Keanu Neal,DAL,26,MLB,14,5,0,38,30,78.90%,278,9.3,7.3,0,97.1,3.8,109,169,10,0,1,1,2,72,13,15.30%
153,Amani Oruwariye,DET,25,RCB,14,14,6,77,47,61.00%,671,14.3,8.7,4,74.1,10.7,476,195,0,0,0,0,0,57,10,14.90%
154,Cameron Sutton,PIT,26,RCB,16,16,2,72,48,66.70%,617,12.9,8.6,5,104.9,9.8,417,200,2,1,0,0,1,52,10,16.10%
155,Ashtyn Davis,NYJ,25,SS/FS,13,10,2,33,26,78.80%,407,15.7,12.3,3,123.1,10.1,168,239,8,0,0,0.5,1,62,10,13.90%
156,Grant Delpit,CLE,23,SS,15,7,1,25,16,64.00%,207,12.9,8.3,2,99.9,11.4,98,109,6,1,1,1,3,66,9,12.00%
157,Trevon Diggs*+,DAL,23,LCB,16,16,11,103,54,52.40%,907,16.8,8.8,4,55.8,10.4,496,411,0,0,0,0,0,52,10,16.10%
158,Elijah Molden,TEN,22,DB,16,7,1,61,41,67.20%,489,11.9,8,3,101.1,6.6,224,265,37,5,1,0,6,62,9,12.70%
159,Eric Rowe,MIA,29,DB,17,4,0,67,46,68.70%,373,8.1,5.6,3,97.4,5.7,218,155,24,0,1,0,1,71,6,7.80%
160,Eric Stokes,GNB,22,LCB/RCB,16,14,1,97,48,49.50%,511,10.6,5.3,3,71.3,13,376,135,1,0,0,0,0,55,6,9.80%
161,Juan Thornhill,KAN,26,FS,17,12,1,25,17,68.00%,239,14.1,9.6,2,108.6,12.8,161,78,10,1,1,0,2,64,4,5.90%
162,Khari Willis,IND,25,SS,11,10,2,27,20,74.10%,344,17.2,12.7,4,124.6,10.9,235,109,26,1,0,1.5,3,63,3,4.50%
163,Ugo Amadi,SEA,24,DB,17,7,1,61,48,78.70%,465,9.7,7.6,1,97.1,3.7,144,321,14,3,0,0,3,54,8,12.90%
164,Derrick Barnes,DET,22,LB,17,6,0,22,19,86.40%,305,16.1,13.9,2,149.1,6.3,111,194,11,0,0,2,2,67,6,8.20%
165,Ronald Darby,DEN,27,RCB,11,11,0,70,38,54.30%,470,12.4,6.7,2,84.8,12.6,371,99,0,0,0,0,0,53,2,3.60%
166,Michael Davis,LAC,26,LCB,14,14,1,86,46,53.50%,534,11.6,6.2,5,87.1,9.6,332,202,1,0,0,0,0,54,6,10.00%
167,Brandon Facyson,LVR,27,LCB,12,9,1,81,45,55.60%,522,11.6,6.4,6,94.8,11.8,377,145,2,0,1,0,1,55,8,12.70%
168,Devin McCourty,NWE,34,FS,17,17,3,26,9,34.60%,164,18.2,6.3,0,17.6,15.2,112,52,5,1,0,0,1,60,5,7.70%
169,Elandon Roberts,MIA,27,MLB,17,15,1,21,13,61.90%,128,9.8,6.1,2,91,5.8,38,90,15,3,1,1,5,83,14,14.40%
170,Gregory Rousseau,BUF,21,LDE,17,17,1,6,5,83.30%,26,5.2,4.3,0,45.1,-1.3,-6,32,2,14,6,4,24,50,4,7.40%
171,Jeffery Simmons*,TEN,24,RDE,17,17,0,2,1,50.00%,1,1,0.5,0,56.2,-4,-4,5,0,10,6,8.5,25,54,8,12.90%
172,Jaquiski Tartt,SFO,29,SS,14,14,0,33,19,57.60%,196,10.3,5.9,2,95,10.7,145,51,5,0,1,0,1,66,10,13.20%
173,Kyle Van Noy,NWE,30,LILB,16,8,1,21,14,66.70%,79,5.6,3.8,1,69.3,0.9,-2,81,48,11,2,5,18,66,6,8.30%
174,Devin Bush Jr.,PIT,23,RILB,14,14,0,47,33,70.20%,316,9.6,6.7,2,102.8,4.7,97,219,33,0,2,2,4,70,5,6.70%
175,Anthony Hitchens,KAN,29,MLB,15,15,1,33,22,66.70%,224,10.2,6.8,1,83.4,3.1,75,149,18,2,2,0,4,80,4,4.80%
176,Justin Reid,HOU,24,SS,13,13,2,30,16,53.30%,302,18.9,10.1,2,82.9,13.7,194,108,1,0,0,0,0,66,11,14.30%
177,Kenny Young,2TM,27,MLB/RILB,13,13,0,46,40,87.00%,437,10.9,9.5,1,113.5,2.7,105,332,27,7,0,2,9,75,8,9.60%
178,Nick Bosa*,SFO,24,RDE/LDE,17,17,0,1,1,100.00%,-8,-8,-8,0,79.2,-8,-8,0,0,17,16,15.5,49,52,3,5.50%
179,DeForest Buckner*,IND,27,LDT,17,16,0,2,2,100.00%,12,6,6,0,91.7,-0.5,-1,13,3,8,11,7,27,68,5,6.80%
180,Kyle Fuller,DEN,29,LCB,16,10,0,67,43,64.20%,553,12.9,8.3,6,119.8,9.1,342,211,4,2,0,0,2,51,4,7.30%
181,Ronnie Harrison,CLE,24,SS,12,11,1,31,19,61.30%,251,13.2,8.1,6,113,6.3,118,133,8,0,0,1,1,58,3,4.90%
182,Mike Hughes,KAN,24,DB,17,5,1,61,36,59.00%,424,11.8,7,5,100.7,11,290,134,1,0,0,0,0,47,3,6.00%
183,D.J. Jones,SFO,26,RDT,17,17,0,3,3,100.00%,5,1.7,1.7,0,79.2,-4.7,-14,19,0,3,1,2,6,56,5,8.20%
184,Darius Slay*,PHI,30,RCB,16,16,3,85,50,58.80%,535,10.7,6.3,3,74.4,10.3,350,185,0,0,0,0,0,52,8,13.30%
185,Daniel Sorensen,KAN,31,FS,17,7,2,43,31,72.10%,522,16.8,12.1,6,132.9,10.7,283,239,40,3,2,1,6,51,17,25.00%
186,K'Waun Williams,SFO,30,DB,14,8,1,49,38,77.60%,314,8.3,6.4,1,91.7,5.6,169,145,28,3,1,1,5,52,6,10.30%
187,Marco Wilson,ARI,22,RCB,14,13,0,74,52,70.30%,588,11.3,7.9,6,120.8,9.4,421,167,0,0,0,0,0,48,5,9.40%
188,Kwon Alexander,NOR,27,LLB,12,8,1,40,29,72.50%,282,9.7,7.1,0,81.5,3.4,79,203,18,0,4,3.5,8,50,8,13.80%
189,Marcus Epps,PHI,25,DB,16,3,1,28,22,78.60%,280,12.7,10,2,117.3,10.7,218,62,3,0,0,0,0,62,4,6.10%
190,Rashad Fenton,KAN,24,LCB,14,8,0,54,37,68.50%,322,8.7,6,0,84,7.5,187,135,5,0,0,0,0,49,0,0.00%
191,Rudy Ford,JAX,27,DB,15,4,1,54,43,79.60%,367,8.5,6.8,1,93.4,4,151,216,43,3,1,0.5,5,53,3,5.40%
192,Casey Hayward,LVR,32,RCB,17,17,1,56,32,57.10%,427,13.3,7.6,3,91.9,14.7,327,100,0,0,0,0,0,46,5,9.80%
193,Dont'a Hightower,NWE,31,ROLB,15,15,0,31,28,90.30%,238,8.5,7.7,1,109.4,3.3,96,142,36,7,1,1.5,10,64,10,13.50%
194,Xavien Howard*,MIA,28,RCB,16,16,5,93,49,52.70%,614,12.5,6.6,6,72.6,10,396,218,8,0,1,1,2,50,6,10.70%
195,Ben Niemann,KAN,26,LB,17,5,0,36,29,80.60%,321,11.1,8.9,1,113.1,3.3,39,282,59,6,0,1,7,57,7,10.90%
196,AJ Parker,DET,23,DB,13,7,1,55,38,69.10%,379,10,6.9,4,105,6.9,231,148,23,2,0,0,2,50,12,19.40%
197,Isaiah Rodgers,IND,23,CB,17,1,3,65,41,63.10%,426,10.4,6.6,3,78.1,9.6,317,109,0,0,0,0,0,49,6,10.90%
198,Eli Apple,CIN,26,LCB,16,15,2,78,47,60.30%,602,12.8,7.7,3,86.6,11,390,212,1,0,0,0,0,49,12,19.70%
199,Anthony Barr,MIN,29,LLB,11,11,3,48,38,79.20%,325,8.6,6.8,3,89.7,2.3,42,283,64,4,3,2.5,10,72,4,5.30%
200,Jermaine Carter Jr.,CAR,26,MLB,17,17,0,38,29,76.30%,272,9.4,7.2,1,104.3,4.1,94,178,37,3,3,0,6,88,15,14.60%
201,Aaron Donald*+,LAR,30,LDT,17,17,0,1,1,100.00%,-4,-4,-4,0,79.2,-6,-6,2,0,16,10,12.5,41,84,6,6.70%
202,Amani Hooker,TEN,23,FS,12,12,1,35,24,68.60%,269,11.2,7.7,0,79.3,7.7,133,136,4,0,0,0,0,62,7,10.10%
203,Grady Jarrett,ATL,28,LDE,17,17,0,2,2,100.00%,11,5.5,5.5,0,89.6,2.5,5,6,0,6,10,1,17,59,8,11.90%
204,Jackrabbit Jenkins,TEN,33,LCB,14,13,1,90,55,61.10%,639,11.6,7.1,6,100.2,9.7,396,243,1,0,0,0,0,54,3,5.30%
205,Lonnie Johnson Jr.,HOU,26,DB,14,7,3,38,22,57.90%,380,17.3,10,2,76.6,12.8,292,88,0,0,0,0,0,55,6,9.80%
206,Cameron Jordan*,NOR,32,LDE,16,16,0,2,2,100.00%,0,0,0,0,79.2,-2.5,-5,5,2,10,11,12.5,34,59,3,4.80%
207,Matt Judon*,NWE,29,LOLB,17,16,0,6,3,50.00%,12,4,2,0,56.2,3.3,0,12,59,18,10,12.5,42,60,7,10.40%
208,Arthur Maulet,PIT,28,DB,16,2,0,29,22,75.90%,294,13.4,10.1,1,119,9.1,135,159,31,3,2,0,5,47,1,2.10%
209,Robert Quinn*,CHI,31,LOLB/ROLB,16,16,0,4,2,50.00%,9,4.5,2.3,0,56.2,6.8,9,0,23,8,5,18.5,34,49,6,10.90%
210,Reggie Ragland,NYG,28,LOLB,17,9,0,29,24,82.80%,179,7.5,6.2,2,115.4,1.9,8,171,17,0,1,0,1,67,4,5.60%
211,Shaquil Barrett*,TAM,29,ROLB,15,15,1,11,9,81.80%,79,8.8,7.2,0,58.7,3.3,24,55,66,15,13,10,39,51,4,7.30%
212,James Bradberry,NYG,28,LCB,17,16,4,115,71,61.70%,848,11.9,7.4,8,93,9.3,555,293,1,0,0,0,0,47,13,21.70%
213,Leonard Floyd,LAR,29,RLB,17,17,1,12,10,83.30%,96,9.6,8,0,65.3,2.5,14,82,70,18,6,9.5,37,70,11,13.60%
214,Lawrence Guy,NWE,31,RDE,17,17,0,0,0,,0,,,0,,,0,0,0,4,3,1.5,9,60,6,9.10%
215,Neville Hewitt,HOU,28,MLB,17,5,0,11,9,81.80%,99,11,9,0,104.2,3.6,40,59,14,0,1,0,1,60,2,3.20%
216,Jaylon Johnson,CHI,22,LCB,15,15,1,72,43,59.70%,564,13.1,7.8,5,101.9,11.9,350,214,0,0,0,0,0,46,7,13.20%
217,John Johnson,CLE,26,FS,15,15,3,36,21,58.30%,308,14.7,8.6,2,70.1,12.5,189,119,3,0,1,0.5,2,61,9,12.90%
218,Dean Marlowe,DET,29,DB,16,9,0,30,24,80.00%,290,12.1,9.7,1,118.1,9.7,227,63,19,3,1,0,4,67,5,6.90%
219,James Pierre,PIT,25,CB,17,4,1,53,32,60.40%,458,14.3,8.6,4,105.7,12.2,335,123,0,0,0,0,0,47,3,6.00%
220,Haason Reddick,CAR,27,RLB,16,16,0,12,9,75.00%,51,5.7,4.3,0,82.3,2.6,13,38,62,14,5,11,33,68,4,5.60%
221,Joey Bosa*,LAC,26,LOLB,16,16,0,4,4,100.00%,16,4,4,0,83.3,-2.5,-10,26,22,21,11,10.5,43,51,13,20.30%
222,Maxx Crosby*,LVR,24,RDE,17,17,0,1,1,100.00%,5,5,5,0,87.5,-3,-3,8,0,13,19,8,42,56,3,5.10%
223,Shaquill Griffin,JAX,26,LCB,14,14,0,66,46,69.70%,542,11.8,8.2,3,109.5,9.3,359,183,3,0,2,0,2,49,5,9.30%
224,Anthony Harris,PHI,30,FS,14,14,1,45,23,51.10%,280,12.2,6.2,1,68.7,10,163,117,5,0,1,0,1,72,2,2.70%
225,William Jackson III,WAS,29,RCB,12,12,2,66,39,59.10%,498,12.8,7.5,6,100.4,13.1,380,118,0,0,0,0,0,39,5,11.40%
226,Ernest Jones,LAR,22,MLB,15,7,2,43,32,74.40%,226,7.1,5.3,1,74.4,3.5,61,165,20,0,1,1,3,61,4,6.20%
227,Julian Love,NYG,23,DB,17,5,1,45,32,71.10%,330,10.3,7.3,2,97.5,7.5,213,117,12,0,1,0.5,2,66,4,5.70%
228,Tre'von Moehrig,LVR,22,FS,17,17,1,24,14,58.30%,181,12.9,7.5,2,92.5,15.7,148,33,2,1,0,0,1,55,9,14.10%
229,Josh Norman,SFO,34,RCB,15,14,1,60,40,66.70%,542,13.6,9,4,110.6,13.7,411,131,5,0,0,0,0,49,7,12.50%
230,Pete Werner,NOR,22,DB,15,8,0,28,21,75.00%,134,6.4,4.8,0,84.5,2.9,28,106,12,0,1,0,1,62,1,1.60%
231,P.J. Williams,NOR,28,DB,16,5,3,39,30,76.90%,249,8.3,6.4,0,60.7,7,135,114,14,1,2,2,5,42,11,20.80%
232,Quinnen Williams,NYJ,24,LDT,15,15,0,2,2,100.00%,28,14,14,0,118.7,-4.5,-9,37,0,4,5,6,16,53,3,5.40%
233,Jayon Brown,TEN,26,RILB,10,6,1,25,20,80.00%,187,9.4,7.5,1,94.5,4.5,82,105,8,0,0,0,0,55,4,6.80%
234,Rashaan Evans,TEN,26,RILB,12,11,2,25,19,76.00%,221,11.6,8.8,1,82.2,6.6,113,108,12,1,0,0,1,57,4,6.60%
235,Damontae Kazee,DAL,28,FS,17,15,2,25,13,52.00%,205,15.8,8.2,4,85.8,14.2,135,70,4,0,0,0,0,52,6,10.30%
236,David Long,LAR,23,DB,16,5,1,46,28,60.90%,374,13.4,8.1,1,84.9,10.6,262,112,1,0,0,0,0,40,5,11.10%
237,Jalen Mills,NWE,27,RCB,16,16,0,65,37,56.90%,406,11,6.2,7,111.4,9.6,278,128,5,0,0,0,0,47,6,11.30%
238,Daron Payne,WAS,24,RDT,17,17,0,0,0,,0,,,0,,,0,0,0,13,9,4.5,27,61,9,12.90%
239,Greedy Williams,CLE,24,RCB,16,8,2,67,37,55.20%,457,12.4,6.8,2,74,12.3,290,167,3,0,0,0,0,41,7,14.60%
240,Mike Edwards,TAM,25,DB,14,4,3,35,19,54.30%,233,12.3,6.7,3,67.9,8.8,129,104,24,3,0,0,3,46,2,4.20%
241,Charles Harris,DET,26,ROLB,17,14,0,9,8,88.90%,41,5.1,4.6,1,122.7,1.3,9,32,31,19,7,7.5,34,65,6,8.50%
242,Troy Hill,CLE,30,DB,12,4,0,42,31,73.80%,346,11.2,8.2,4,129.7,6.9,169,177,18,1,1,2,4,49,6,10.90%
243,Steven Nelson,PHI,28,LCB,16,16,1,72,48,66.70%,577,12,8,5,108.4,9.2,421,156,0,0,0,0,0,50,2,3.80%
244,Patrick Peterson,MIN,31,LCB,13,13,1,76,43,56.60%,477,11.1,6.3,2,78.7,8.4,227,250,0,0,0,0,0,45,7,13.50%
245,M.J. Stewart,CLE,26,DB,13,3,0,35,22,62.90%,174,7.9,5,1,84.7,4.6,91,83,6,2,0,0,2,47,4,7.80%
246,Denzel Ward*,CLE,24,LCB,15,15,3,78,47,60.30%,435,9.3,5.6,4,76.6,8.8,272,163,3,0,1,0.5,2,43,6,12.20%
247,Leonard Williams,NYG,27,NT,17,17,0,0,0,,0,,,0,,,0,0,0,6,8,6.5,22,81,2,2.40%
248,Mackensie Alexander,MIN,28,RLB,16,5,0,70,46,65.70%,648,14.1,9.3,5,119.2,8.6,338,310,15,1,0,0,1,51,8,13.60%
249,Tyus Bowser,BAL,26,ROLB/LILB,17,17,0,20,16,80.00%,209,13.1,10.5,1,126.9,4.1,52,157,69,11,7,7,26,59,11,15.70%
250,Carlton Davis,TAM,25,RCB,10,10,1,70,40,57.10%,422,10.6,6,3,83.2,9,232,190,5,0,0,0,0,39,8,17.00%
251,Myles Garrett*+,CLE,26,LDE,17,17,0,3,2,66.70%,15,7.5,5,0,78.5,-2.7,-4,19,2,17,17,16,52,51,2,3.80%
252,Tashaun Gipson,CHI,31,SS,12,12,2,30,23,76.70%,192,8.3,6.4,1,76,4.3,69,123,8,1,0,1,2,47,6,11.30%
253,Markus Golden,ARI,30,ROLB,16,5,0,7,5,71.40%,43,8.6,6.1,0,87.2,2,10,33,41,15,9,11,35,48,13,21.30%
254,Javelin Guidry,NYJ,23,CB,17,3,0,41,30,73.20%,345,11.5,8.4,3,122.5,9.8,229,116,15,0,1,0,1,48,5,9.40%
255,DeAndre Houston-Carson,CHI,28,DB,13,3,1,28,20,71.40%,220,11,7.9,2,103.3,7.7,155,65,12,2,0,0,2,51,7,12.10%
256,Sam Hubbard,CIN,26,LDE,16,16,0,5,3,60.00%,14,4.7,2.8,0,64.6,0.4,-2,16,9,20,10,7.5,39,62,3,4.60%
257,Dane Jackson,BUF,25,LCB,17,6,0,40,20,50.00%,254,12.7,6.4,0,70.2,11.5,172,82,1,0,0,0,0,41,3,6.80%
258,Von Miller,2TM,32,LOLB/RDE,15,15,0,8,7,87.50%,68,9.7,8.5,0,102.1,4.8,5,63,71,12,8,9.5,30,50,5,9.10%
259,Emmanuel Moseley,SFO,25,LCB,11,11,1,55,31,56.40%,318,10.3,5.8,0,65.6,12.2,200,118,4,0,0,0,0,42,4,8.70%
260,Greg Newsome II,CLE,21,RCB,12,11,0,62,39,62.90%,383,9.8,6.2,1,85.6,10.3,258,125,2,1,0,0,1,37,7,15.90%
261,A'Shawn Robinson,LAR,26,LDE,17,14,0,0,0,,0,,,0,,,0,0,0,4,0,2,6,67,8,10.70%
262,Asante Samuel Jr.,LAC,22,RCB,12,12,2,58,36,62.10%,479,13.3,8.3,4,96.8,11,320,159,0,0,0,0,0,43,9,17.30%
263,Zach Sieler,MIA,26,RDT,17,9,0,0,0,,0,,,0,,,0,0,0,4,3,2,9,62,5,7.50%
264,Kindle Vildor,CHI,24,RCB,17,12,0,59,41,69.50%,598,14.6,10.1,6,136.1,10.3,417,181,2,0,0,1,1,46,6,11.50%
265,Baron Browning,DEN,22,LILB,14,9,0,37,27,73.00%,290,10.7,7.8,0,95.6,2.8,54,236,28,0,1,0,1,58,5,7.90%
266,C.J. Gardner-Johnson,NOR,24,RLB,12,11,3,61,39,63.90%,400,10.3,6.6,1,67.7,8.4,179,221,22,1,2,2,5,46,9,16.40%
267,Davon Godchaux,NWE,27,NT,17,16,0,1,0,0.00%,0,,0,0,39.6,-6,0,0,0,1,3,1,5,65,2,3.00%
268,Rodney McLeod,PHI,31,SS,13,13,2,28,20,71.40%,255,12.8,9.1,0,69.8,8.8,181,74,4,1,0,0,1,58,5,7.90%
269,Al-Quadin Muhammad,IND,26,RDE,17,17,0,4,3,75.00%,36,12,9,0,102.1,5.8,12,24,0,7,5,6,19,48,6,11.10%
270,Ryan Neal,SEA,26,SS,16,5,0,29,21,72.40%,286,13.6,9.9,3,138,8.2,120,166,13,0,2,1,3,49,4,7.50%
271,Tre Norwood,PIT,22,DB,17,3,1,40,29,72.50%,320,11,8,2,102.1,8,160,160,11,2,0,0,2,38,4,9.50%
272,Xavier Rhodes,IND,31,LCB,13,13,1,61,37,60.70%,510,13.8,8.4,3,97,10,313,197,0,0,0,0,0,39,5,11.40%
273,Malcolm Smith,CLE,32,MLB,15,6,2,39,32,82.10%,264,8.3,6.8,4,107.7,2.9,84,180,12,0,0,0,0,51,6,10.50%
274,Jonathan Allen*,WAS,26,LDT,17,17,0,0,0,,0,,,0,,,0,0,0,8,16,9,34,62,3,4.60%
275,Brian Burns*,CAR,23,RDE,17,16,0,10,10,100.00%,82,8.2,8.2,0,100.8,4,40,42,28,13,8,9,31,50,8,13.80%
276,Deon Bush,CHI,28,DB,14,4,2,23,9,39.10%,127,14.1,5.5,1,36,15.8,85,42,1,0,0,0,0,40,4,9.10%
277,Tevaughn Campbell,LAC,28,RCB,16,7,0,61,44,72.10%,558,12.7,9.1,1,105.8,11.3,364,194,3,0,0,0,0,40,8,16.70%
278,Antonio Hamilton,ARI,28,DB,17,2,0,36,23,63.90%,219,9.5,6.1,1,89.9,9.1,142,77,10,1,0,0,1,38,2,5.00%
279,C.J. Henderson,2TM,23,CB/RCB,12,7,0,37,27,73.00%,324,12,8.8,3,126.4,10.4,227,97,0,0,0,0,0,39,5,11.40%
280,Austin Johnson,NYG,27,RDE,17,17,0,2,2,100.00%,14,7,7,0,95.8,-1,-2,16,0,4,3,3.5,11,72,3,4.00%
281,Chandler Jones*,ARI,31,LOLB,15,15,0,6,3,50.00%,37,12.3,6.2,0,69.4,0.5,10,27,58,8,17,10.5,36,41,7,14.60%
282,Keith Taylor,CAR,23,DB,17,3,0,51,36,70.60%,471,13.1,9.2,2,112.5,10.4,300,171,0,0,0,0,0,38,2,5.00%
283,Robert Alford,ARI,33,DB,13,5,1,56,32,57.10%,290,9.1,5.2,3,81.7,8.2,193,97,1,0,0,0,0,37,7,15.90%
284,Zach Allen,ARI,24,RDE,15,14,1,3,2,66.70%,10,5,3.3,0,31.9,-4,-6,16,0,4,10,4,18,48,4,7.70%
285,Malcom Brown,JAX,27,NT,17,17,0,1,1,100.00%,9,9,9,0,104.2,-5,-5,14,0,5,1,2,8,57,5,8.10%
286,Christian Covington,LAC,28,DT,16,3,0,0,0,,0,,,0,,,0,0,0,0,0,1,1,52,3,5.50%
287,Dane Cruikshank,TEN,26,DB,14,4,0,24,17,70.80%,147,8.6,6.1,0,86.6,7.8,91,56,5,1,0,0,1,43,3,6.50%
288,Kristian Fulton,TEN,23,RCB,13,13,2,72,37,51.40%,496,13.4,6.9,2,71.3,10.3,282,214,4,2,0,0,2,40,8,16.70%
289,Chris Harris Jr.,LAC,32,DB,14,11,1,55,33,60.00%,406,12.3,7.4,3,93.4,9.5,303,103,11,1,1,0,2,37,7,15.90%
290,Myles Hartsfield,CAR,24,RDE,10,9,0,40,26,65.00%,242,9.3,6.1,3,106.5,6.6,103,139,13,0,0,1,1,45,3,6.30%
291,Malik Hooker,DAL,25,DB,15,3,1,28,16,57.10%,149,9.3,5.3,2,80.8,9.6,59,90,4,0,0,0,0,44,6,12.00%
292,Jerry Jacobs,DET,24,LCB,13,9,0,39,23,59.00%,288,12.5,7.4,1,90.5,11.7,200,88,1,1,1,0,2,34,6,15.00%
293,Linval Joseph,LAC,33,NT,14,12,0,0,0,,0,,,0,,,0,0,0,3,1,1,5,57,1,1.70%
294,Marcus Maye,NYJ,28,SS,6,6,0,21,10,47.60%,199,19.9,9.5,1,97.1,10,78,121,4,0,0,1,1,46,5,9.80%
295,Sean Murphy-Bunting,TAM,24,RCB,9,8,0,54,32,59.30%,408,12.8,7.6,3,101.5,10.7,268,140,8,0,0,0,0,43,1,2.30%
296,Duke Shelley,CHI,25,DB,10,4,0,43,32,74.40%,371,11.6,8.6,0,100,5.1,125,246,1,0,0,0,0,37,5,11.90%
297,Tavon Young,BAL,27,DB,17,7,1,58,38,65.50%,336,8.8,5.8,2,85.1,5.6,170,166,21,2,1,2,5,35,5,12.50%
298,Arik Armstead,SFO,28,LDT/LDE,17,17,0,0,0,,0,,,0,,,0,0,1,6,4,6,17,63,2,3.10%
299,Calais Campbell,BAL,35,RDE/LDE,15,14,0,2,1,50.00%,76,76,38,1,135.4,-3.5,-4,80,0,4,10,1.5,16,49,7,12.50%
300,Ross Cockrell,TAM,30,DB,17,4,0,48,32,66.70%,328,10.3,6.8,3,106.9,5.6,145,183,28,2,2,0,4,43,7,14.00%
301,Tre Flowers,2TM,26,DB,16,4,0,39,27,69.20%,325,12,8.3,3,120.1,9.2,234,91,0,0,0,0,0,39,2,4.90%
302,B.J. Hill,CIN,26,DT,16,2,0,2,2,100.00%,9,4.5,4.5,0,85.4,-5.5,-11,20,0,5,4,5.5,15,50,1,2.00%
303,Chris Jackson,TEN,23,S,12,3,0,44,30,68.20%,329,11,7.5,2,105.2,9.7,202,127,6,2,0,0,2,34,0,0.00%
304,A.J. Klein,BUF,30,LB,15,4,1,25,16,64.00%,146,9.1,5.8,0,63.1,2.3,39,107,14,0,1,0,1,35,5,12.50%
305,Larry Ogunjobi,CIN,27,LDT,16,16,0,2,2,100.00%,3,1.5,1.5,0,79.2,-4,-8,11,4,9,7,7,24,49,9,15.50%
306,Azeez Ojulari,NYG,21,ROLB,17,13,0,8,8,100.00%,50,6.3,6.3,0,92.7,-2.3,-18,68,23,14,4,8,27,49,5,9.30%
307,Ed Oliver,BUF,24,LDT/RDT,17,17,0,0,0,,0,,,0,,,0,0,0,4,9,4,18,41,2,4.70%
308,Andrew Sendejo,IND,34,FS,12,10,0,20,10,50.00%,152,15.2,7.6,1,92.1,11.6,115,37,9,0,0,0,0,40,9,18.40%
309,Robert Spillane,PIT,26,LB,14,4,0,24,16,66.70%,161,10.1,6.7,0,85.6,5.7,84,77,15,0,0,0,0,56,4,6.70%
310,D.J. Wonnum,MIN,24,LDE,17,14,0,6,5,83.30%,35,7,5.8,0,91,2.3,5,30,0,15,7,8,30,47,3,6.00%
311,Chris Wormley,PIT,28,LDE,15,14,0,1,0,0.00%,0,,0,0,39.6,-10,0,0,0,8,2,7,18,51,4,7.30%
312,Henry Black,GNB,24,S,17,0,1,29,21,72.40%,322,15.3,11.1,2,117.3,9.9,163,159,0,0,0,0,0,38,5,11.60%
313,Myles Bryant,NWE,23,CB,12,2,1,42,30,71.40%,362,12.1,8.6,0,87.6,8.4,232,130,6,1,0,1,2,41,4,8.90%
314,Lorenzo Carter,NYG,26,LILB,14,14,1,7,5,71.40%,37,7.4,5.3,0,44,1.7,16,21,16,8,3,5,16,50,8,13.80%
315,Divine Deablo,LVR,23,LB,17,5,0,13,9,69.20%,141,15.7,10.8,0,105,6.9,75,66,7,1,0,0,1,45,1,2.20%
316,Greg Gaines,LAR,25,RDT,17,13,0,3,2,66.70%,8,4,2.7,0,70.1,-2,-4,12,0,9,6,4.5,21,55,5,8.30%
317,Alohi Gilman,LAC,24,S,11,3,1,23,18,78.30%,226,12.6,9.8,1,104,7.1,108,118,0,0,0,0,0,42,6,12.50%
318,Richie Grant,ATL,24,DB,16,0,0,26,18,69.20%,192,10.7,7.4,1,103.4,7.6,105,87,11,0,0,0,0,35,5,12.50%
319,Harrison Phillips,BUF,25,RDT,14,8,0,1,1,100.00%,4,4,4,0,83.3,-5,-5,9,0,2,5,1,8,51,4,7.30%
320,Nick Scott,LAR,26,DB,17,1,2,24,16,66.70%,221,13.8,9.2,0,61.3,12.9,132,89,1,0,0,0,0,47,5,9.60%
321,Darrell Taylor,SEA,24,LDE,16,5,0,5,4,80.00%,20,5,4,0,83.3,1.2,1,19,14,7,7,6.5,21,37,8,17.80%
322,Deatrich Wise Jr.,NWE,27,LDE,16,9,0,0,0,,0,,,0,,,0,0,0,8,6,3,18,41,3,6.80%
323,Julian Blackmon,IND,23,FS,6,6,0,11,8,72.70%,110,13.8,10,1,134.7,14.5,87,23,2,0,0,0,0,34,5,12.80%
324,Derrick Brown,CAR,23,LDT,16,14,0,0,0,,0,,,0,,,0,0,0,3,6,3,12,41,2,4.70%
325,Sean Chandler,CAR,25,SS,15,7,0,12,10,83.30%,154,15.4,12.8,2,158.3,13.4,133,21,7,0,1,0,1,48,3,5.90%
326,Kenny Clark*,GNB,26,NT,16,16,0,0,0,,0,,,0,,,0,0,0,15,9,4,28,48,7,12.70%
327,Rashan Gary,GNB,24,ROLB,16,16,0,1,1,100.00%,9,9,9,0,104.2,-2,-2,11,62,20,16,9.5,47,47,0,0.00%
328,Rasheem Green,SEA,24,LOLB,17,16,0,8,8,100.00%,89,11.1,11.1,0,113,1.6,13,76,0,10,6,6.5,24,48,7,12.70%
329,Javon Hargrave*,PHI,28,LDT,16,16,0,1,1,100.00%,0,0,0,0,79.2,-3,-3,3,0,6,10,7.5,24,63,2,3.10%
330,Dexter Lawrence,NYG,24,LDE,16,10,0,2,2,100.00%,2,1,1,0,79.2,-3,-6,8,0,6,8,2.5,17,54,1,1.80%
331,Tre'Davious White,BUF,26,LCB,11,11,1,64,33,51.60%,328,9.9,5.1,0,59.9,7.4,162,166,5,3,0,0.5,4,41,10,19.60%
332,Rock Ya-Sin,IND,25,LCB,13,8,0,45,24,53.30%,217,9,4.8,3,88.8,10.6,181,36,0,0,0,0,0,31,3,8.80%
333,Pierre Desir,TAM,31,DB,12,2,2,33,24,72.70%,292,12.2,8.8,1,84.4,11.5,202,90,0,0,0,0,0,28,4,12.50%
334,Willie Gay Jr.,KAN,23,LLB,12,11,2,26,23,88.50%,247,10.7,9.5,1,87,3.4,77,170,29,3,0,0.5,4,48,5,9.40%
335,Joe Haden,PIT,32,LCB,12,11,0,55,33,60.00%,394,11.9,7.2,3,100.1,10.1,246,148,0,0,0,0,0,38,8,17.40%
336,DaVon Hamilton,JAX,24,RDE,16,8,0,0,0,,0,,,0,,,0,0,2,5,1,1,7,46,6,11.50%
337,Frankie Luvu,CAR,25,LB,16,4,0,4,4,100.00%,27,6.8,6.8,0,94.8,4,12,15,31,3,2,1.5,7,43,2,4.40%
338,Kevin Minter,TAM,31,RILB,16,5,0,23,15,65.20%,101,6.7,4.4,2,103.7,4.7,16,85,23,2,2,1,5,40,7,14.90%
339,Bilal Nichols,CHI,25,RDE/LDE,17,15,0,2,2,100.00%,17,8.5,8.5,1,141.7,2.5,5,12,0,3,5,3,12,51,0,0.00%
340,Emmanuel Ogbah,MIA,28,LDE,17,11,0,2,1,50.00%,5,5,2.5,0,56.2,4.5,1,4,2,15,13,9,39,41,3,6.80%
341,Jaylon Smith,3TM,26,LB,10,4,0,19,15,78.90%,93,6.2,4.9,0,87.1,0.2,-14,107,16,5,0,1,6,38,2,5.00%
342,Mack Wilson,CLE,23,LLB,14,6,0,8,5,62.50%,38,7.6,4.8,0,74,4.1,13,25,0,0,0,0,0,42,1,2.30%
343,Al Woods,SEA,34,RDE,16,16,0,3,3,100.00%,21,7,7,0,95.8,0,0,21,0,6,3,1.5,11,50,3,5.70%
344,Denico Autry,TEN,31,LDE,17,11,0,5,3,60.00%,32,10.7,6.4,0,78.7,-1.8,-6,38,0,14,8,9,32,31,6,16.20%
345,Bryce Callahan,DEN,30,DB,11,6,0,37,21,56.80%,296,14.1,8,1,91.7,11.3,190,106,5,1,0,1,2,29,6,17.10%
346,Fletcher Cox,PHI,31,RDT,16,16,0,1,1,100.00%,8,8,8,0,100,3,3,5,0,11,8,3.5,23,35,2,5.40%
347,Folorunso Fatukasi,NYJ,26,RDT,15,15,0,0,0,,0,,,0,,,0,0,0,4,4,0,8,46,4,8.00%
348,Preston Smith,GNB,29,LOLB,16,16,0,6,5,83.30%,26,5.2,4.3,1,124.3,0.5,0,26,61,11,8,9,28,38,9,19.10%
349,Chandon Sullivan,GNB,25,DB,17,10,3,67,44,65.70%,560,12.7,8.4,4,92.9,8.9,239,321,3,0,0,0,0,31,6,16.20%
350,K.J. Wright,LVR,32,RLB,17,8,0,17,16,94.10%,119,7.4,7,1,115.4,2.2,40,79,6,1,0,0,1,51,3,5.60%
351,Angelo Blackson,CHI,29,LDE,17,8,1,2,2,100.00%,11,5.5,5.5,0,50,-4.5,-9,20,0,5,6,2.5,14,43,5,10.40%
352,Oren Burks,GNB,26,LB,17,3,0,14,10,71.40%,62,6.2,4.4,0,80.1,2.1,19,43,11,1,1,0.5,3,36,3,7.70%
353,Jadeveon Clowney,CLE,28,RDE,14,14,0,4,3,75.00%,10,3.3,2.5,0,77.1,-1.5,-6,16,0,12,10,9,32,37,7,15.90%
354,Donte Deayon,LAR,27,DB,10,1,0,45,27,60.00%,391,14.5,8.7,1,95.7,11.3,212,179,3,1,0,0,1,29,4,12.10%
355,Carlos Dunlap,SEA,32,DE,17,2,0,4,4,100.00%,35,8.8,8.8,0,103.1,0.5,2,33,17,8,4,8.5,21,35,1,2.80%
356,Marcell Harris,SFO,27,RLB,15,7,1,20,18,90.00%,144,8,7.2,0,75.8,1.5,21,123,5,1,0,1,2,44,9,17.00%
357,Shelby Harris,DEN,30,RDE,16,16,0,0,0,,0,,,0,,,0,0,0,6,5,6,18,49,2,3.90%
358,Talanoa Hufanga,SFO,21,DB,15,3,0,24,14,58.30%,205,14.6,8.5,2,114.1,11.9,150,55,16,1,1,0,2,32,4,11.10%
359,Dean Lowry,GNB,27,LDE,17,17,0,2,1,50.00%,13,13,6.5,0,70.8,1,2,11,0,7,3,5,16,42,5,10.60%
360,Steven Means,ATL,31,LOLB,14,14,0,4,3,75.00%,26,8.7,6.5,0,91.7,8.3,16,10,19,7,2,0,9,43,2,4.40%
361,Uchenna Nwosu,LAC,25,ROLB,17,15,1,8,6,75.00%,35,5.8,4.4,1,82.8,2.8,3,32,57,13,12,5,30,40,7,14.90%
362,Malik Reed,DEN,25,ROLB,14,13,0,4,2,50.00%,8,4,2,0,56.2,5.5,-2,10,36,14,3,5,22,43,5,10.40%
363,Sheldon Richardson,MIN,31,RDT/RDE,17,7,0,2,2,100.00%,4,2,2,0,79.2,-4,-8,12,0,6,9,2.5,18,39,3,7.10%
364,Davion Taylor,PHI,23,RLB,9,6,0,28,25,89.30%,255,10.2,9.1,0,104.6,4.5,104,151,3,1,0,0,1,41,8,16.30%
365,Jerry Tillery,LAC,25,LDE,16,15,0,1,0,0.00%,0,,0,0,39.6,-4,0,0,0,7,9,4.5,21,51,8,13.60%
366,Dorance Armstrong Jr.,DAL,24,RDE,13,5,0,2,2,100.00%,15,7.5,7.5,0,97.9,-2,-4,19,3,10,6,5,22,37,0,0.00%
367,Christian Barmore,NWE,22,DT,17,2,0,0,0,,0,,,0,,,0,0,0,9,7,1.5,18,46,2,4.20%
368,Cody Barton,SEA,25,LB,16,1,0,17,13,76.50%,143,11,8.4,0,100.9,8.4,81,62,6,1,2,0,3,37,3,7.50%
369,A.J. Bouye,CAR,30,RCB,10,7,0,43,31,72.10%,298,9.6,6.9,0,91,7.2,126,172,7,0,0,0,0,28,4,12.50%
370,Michael Brockers,DET,31,LDE,16,16,0,0,0,,0,,,0,,,0,0,0,4,0,1,5,52,5,8.80%
371,Brandon Copeland,ATL,30,LB,16,3,0,7,6,85.70%,41,6.8,5.9,1,130.7,4.3,10,31,5,4,2,0,6,39,1,2.50%
372,Marcus Davenport,NOR,25,RDE,11,9,0,2,1,50.00%,11,11,5.5,0,66.7,-3,1,10,1,6,5,9,21,39,3,7.10%
373,Poona Ford,SEA,26,NT,17,17,0,5,5,100.00%,41,8.2,8.2,0,100.8,-0.6,-3,44,0,9,3,2,15,53,4,7.00%
374,Trevis Gipson,CHI,24,LOLB,16,9,0,4,4,100.00%,41,10.3,10.3,0,109.4,1,4,37,13,8,1,7,17,39,7,15.20%
375,Jonathan Greenard,HOU,24,RDE,12,12,0,2,2,100.00%,15,7.5,7.5,0,97.9,-1.5,-3,18,1,6,5,8,19,33,2,5.70%
376,Danielle Hunter,MIN,27,LDE,7,7,0,2,2,100.00%,14,7,7,0,95.8,-4.5,-9,23,2,13,2,6,21,38,2,5.00%
377,Sebastian Joseph-Day,LAR,26,RDT,7,7,0,0,0,,0,,,0,,,0,0,0,2,2,3,7,38,1,2.60%
378,Blake Lynch,MIN,24,LLB,16,6,1,11,8,72.70%,51,6.4,4.6,0,44.1,3,31,20,2,0,0,2,2,35,0,0.00%
379,Justin Madubuike,BAL,24,LDE,15,11,0,1,1,100.00%,11,11,11,0,112.5,2,2,9,0,2,3,2,7,36,1,2.70%
380,Odafe Oweh,BAL,23,DE,15,2,0,4,3,75.00%,39,13,9.8,0,105.2,-2.3,-13,52,27,12,10,5,27,33,4,10.80%
381,Jaelan Phillips,MIA,22,LB,17,5,0,3,3,100.00%,17,5.7,5.7,0,90.3,1,3,14,69,10,6,8.5,26,42,5,10.60%
382,Jarran Reed,KAN,29,LDT,17,17,0,1,1,100.00%,5,5,5,0,87.5,-4,-4,9,0,7,9,2.5,19,43,3,6.50%
383,Elijah Riley,2TM,23,DB/FS,8,7,0,13,10,76.90%,168,16.8,12.9,3,157.9,15,141,27,5,0,0,1,1,45,5,10.00%
384,Quincy Roche,NYG,23,LB,14,3,0,5,4,80.00%,45,11.3,9,0,104.2,0.2,1,44,7,2,2,2.5,7,38,3,7.30%
385,E.J. Speed,IND,26,LB,17,1,0,12,9,75.00%,84,9.3,7,0,93.7,2.1,15,69,11,0,0,0,0,31,1,3.10%
386,Grover Stewart,IND,28,RDT,17,17,0,2,1,50.00%,7,7,3.5,0,58.3,2.5,2,5,0,2,4,1,7,46,2,4.20%
387,Justin Strnad,DEN,25,RILB,16,5,0,22,14,63.60%,177,12.6,8,0,88.6,1.4,17,160,18,2,0,0,2,36,4,10.00%
388,Zack Baun,NOR,25,LB,17,4,0,14,11,78.60%,121,11,8.6,0,102.7,3.7,32,89,8,1,1,0,2,30,2,6.30%
389,Jonathon Cooper,DEN,23,LOLB,16,5,0,1,1,100.00%,-7,-7,-7,0,79.2,-7,-7,0,21,8,4,2.5,15,38,0,0.00%
390,Jonas Griffith,DEN,24,LB,13,4,0,16,14,87.50%,83,5.9,5.2,1,109.1,3.6,39,44,9,2,2,0,4,46,2,4.20%
391,D.J. Reader,CIN,27,RDT,15,15,0,0,0,,0,,,0,,,0,0,0,1,5,2,8,43,2,4.40%
392,Dawuane Smoot,JAX,26,RDE,16,10,0,3,3,100.00%,32,10.7,10.7,0,111.1,0,0,32,4,13,10,6,30,36,5,12.20%
393,Caden Sterns,DEN,22,DB,15,2,2,22,17,77.30%,246,14.5,11.2,1,90.3,6.3,96,150,5,0,0,2,2,28,3,9.70%
394,Vita Vea*,TAM,26,NT,16,16,0,1,1,100.00%,-6,-6,-6,0,79.2,-6,-6,0,0,3,7,4,15,33,5,13.20%
395,Genard Avery,PHI,26,LLB,16,12,0,11,9,81.80%,46,5.1,4.2,0,84.1,1.5,6,40,40,4,1,1,6,43,6,12.20%
396,Markus Bailey,CIN,24,LB,16,3,0,18,12,66.70%,94,7.8,5.2,0,79.4,3.4,28,66,8,1,0,0.5,2,38,1,2.60%
397,Tarell Basham,DAL,27,LDE,17,6,0,4,4,100.00%,41,10.3,10.3,0,109.4,3,12,29,9,9,8,3.5,21,39,6,13.30%
398,Kris Boyd,MIN,25,DB,15,1,0,27,19,70.40%,270,14.2,10,1,114.7,12.4,196,74,2,0,0,0,0,26,2,7.10%
399,Austin Bryant,DET,25,LOLB,14,5,0,1,1,100.00%,1,1,1,1,118.7,-3,-3,4,24,4,1,4.5,10,31,10,24.40%
400,T.J. Carrie,IND,31,DB,11,1,0,21,14,66.70%,203,14.5,9.7,0,97.9,9.9,115,88,1,0,0,0,0,23,2,8.00%
401,Akeem Davis-Gaither,CIN,24,LB,9,0,0,20,14,70.00%,94,6.7,4.7,1,96.7,4.8,33,61,10,0,0,0,0,28,5,15.20%
402,Samson Ebukam,SFO,26,LDE/RDE,17,11,0,4,1,25.00%,17,17,4.3,0,44.8,1,8,9,3,5,5,4.5,16,38,1,2.60%
403,Dante Fowler,ATL,27,ROLB,14,6,0,4,3,75.00%,47,15.7,11.8,0,113.5,1.5,0,47,14,8,4,4.5,17,36,7,16.30%
404,Zaire Franklin,IND,25,RLB,17,11,1,14,11,78.60%,62,5.6,4.4,0,55.4,2.4,15,47,4,0,0,0,0,40,3,7.00%
405,William Gholston,TAM,30,RDE,17,10,0,3,3,100.00%,30,10,10,0,108.3,-1.7,-5,35,0,5,7,4.5,17,36,2,5.30%
406,Darren Hall,ATL,21,DB,14,1,0,35,27,77.10%,250,9.3,7.1,2,115.2,7.1,158,92,11,0,0,1,1,27,1,3.60%
407,Vernon Hargreaves III,2TM,26,DB,12,6,1,32,25,78.10%,393,15.7,12.3,1,115.2,10.8,267,126,1,0,0,0,0,32,6,15.80%
408,Trey Hendrickson*,CIN,27,RDE,16,14,0,6,5,83.30%,32,6.4,5.3,0,88.9,-1.2,-7,39,8,16,14,14,45,34,3,8.10%
409,Darnay Holmes,NYG,23,CB,11,4,1,33,22,66.70%,213,9.7,6.5,0,71.9,7.7,65,148,11,1,1,0,2,29,2,6.50%
410,Kevin King,GNB,26,RCB,10,6,1,28,20,71.40%,258,12.9,9.2,2,108.9,11.5,183,75,1,0,1,0,1,29,1,3.30%
411,Nevin Lawson,JAX,30,DB,12,4,1,29,18,62.10%,170,9.4,5.9,4,103.4,6.2,110,60,6,1,0,0,1,29,2,6.50%
412,Derrick Nnadi,KAN,25,RDT,17,10,0,1,1,100.00%,15,15,15,0,118.7,0,0,15,0,1,2,3,6,38,3,7.30%
413,Osa Odighizuwa,DAL,23,LDT,16,12,0,1,1,100.00%,1,1,1,0,79.2,-7,-7,8,0,3,8,2,14,36,7,16.30%
414,Roy Robertson-Harris,JAX,28,LDE,14,13,0,0,0,,0,,,0,,,0,0,0,6,6,3,15,37,5,11.90%
415,Sione Takitaki,CLE,26,RLB,15,8,0,19,14,73.70%,76,5.4,4,0,80.2,2.2,35,41,19,0,2,0,2,44,2,4.30%
416,Joe Tryon-Shoyinka,TAM,22,LB,17,6,0,5,4,80.00%,53,13.3,10.6,0,110.8,-0.2,-1,54,51,17,6,4,27,29,6,17.10%
417,DeMarcus Walker,HOU,27,DE,13,2,0,2,2,100.00%,14,7,7,0,95.8,-3.5,-7,21,0,6,6,2,14,31,4,11.40%
418,Josh Woods,2TM,25,LB,13,1,0,8,7,87.50%,67,9.6,8.4,0,101.6,5.8,42,25,3,0,2,0,2,28,2,6.70%
419,Mario Addison,BUF,34,LB,17,0,0,1,1,100.00%,6,6,6,0,91.7,1,1,5,0,17,1,7,25,29,3,9.40%
420,Derek Barnett,PHI,25,RDE,16,15,0,3,2,66.70%,17,8.5,5.7,1,120.8,1.7,8,9,3,12,8,2,22,46,6,11.50%
421,Camryn Bynum,MIN,23,DB,14,3,1,8,4,50.00%,31,7.8,3.9,0,20.3,6,-2,33,6,0,0,1,1,28,1,3.40%
422,K'Lavon Chaisson,JAX,22,ROLB,15,8,0,13,9,69.20%,73,8.1,5.6,1,108.8,5.3,36,37,25,4,3,1,8,31,7,18.40%
423,Justin Coleman,MIA,28,DB,16,4,2,38,24,63.20%,279,11.6,7.3,0,63.4,8.8,127,152,5,2,0,0,2,27,5,15.60%
424,Adam Gotsis,JAX,29,DT,16,4,0,0,0,,0,,,0,,,0,0,0,4,4,3,11,27,7,20.60%
425,Kerry Hyder,SEA,30,LDE,15,7,0,4,4,100.00%,37,9.3,9.3,0,105.2,-1,-4,41,3,3,8,1.5,13,33,2,5.70%
426,Alexander Johnson,DEN,30,LILB,6,6,0,18,7,38.90%,72,10.3,4,1,69.7,5.3,45,27,27,1,0,2,3,32,0,0.00%
427,Dontae Johnson,SFO,30,DB,16,3,0,28,21,75.00%,234,11.1,8.4,1,111.3,7.9,148,86,6,3,0,0,3,30,5,14.30%
428,Roy Lopez,HOU,24,RDT,16,15,0,1,1,100.00%,3,3,3,0,79.2,-5,-5,8,0,1,1,1,3,31,7,18.40%
429,David Mayo,WAS,28,LB,16,4,0,8,8,100.00%,83,10.4,10.4,1,149.5,4.8,44,39,2,0,1,0,1,28,6,17.60%
430,Jason Pierre-Paul,TAM,32,LOLB,12,12,0,13,13,100.00%,108,8.3,8.3,1,126.9,2,26,82,47,9,2,2.5,14,31,5,13.90%
431,Jeremy Reaves,WAS,25,DB,5,2,0,16,12,75.00%,199,16.6,12.4,1,137.2,13.3,179,20,2,0,0,0,0,29,0,0.00%
432,Benjamin St-Juste,WAS,24,DB,9,3,0,37,24,64.90%,344,14.3,9.3,2,112.9,12.7,246,98,0,0,0,0,0,26,1,3.70%
433,Armon Watts,MIN,25,LDT,17,9,0,1,1,100.00%,7,7,7,0,95.8,0,0,7,0,10,6,5,21,46,3,6.10%
434,Eric Wilson,2TM,27,LB,14,2,1,21,18,85.70%,169,9.4,8,1,96.2,4.2,70,99,6,0,1,0,1,46,3,6.10%
435,Artie Burns,CHI,26,RCB,11,6,0,26,17,65.40%,205,12.1,7.9,2,115.1,12.5,160,45,0,0,0,0,0,23,1,4.20%
436,Andre Cisco,JAX,21,DB,17,3,0,7,6,85.70%,70,11.7,10,1,147.9,12.9,48,22,4,0,0,0,0,26,2,7.10%
437,DeShon Elliott,BAL,24,FS,6,6,1,15,10,66.70%,184,18.4,12.3,2,120.6,10.6,117,67,14,3,2,1,6,23,5,17.90%
438,Sam Franklin,CAR,25,LB,16,0,0,10,6,60.00%,113,18.8,11.3,1,132.5,10.7,84,29,6,1,1,0,2,24,3,11.10%
439,Akiem Hicks,CHI,32,DE,9,9,0,0,0,,0,,,0,,,0,0,0,2,5,3.5,11,25,4,13.80%
440,Justin Houston,BAL,32,LOLB,15,15,0,4,4,100.00%,60,15,15,0,118.7,-1.8,-7,67,44,7,12,4.5,24,34,8,19.00%
441,DaQuan Jones,CAR,30,RDT,17,17,0,1,1,100.00%,7,7,7,0,95.8,4,4,3,0,7,5,1,13,38,3,7.30%
442,Justin Jones,LAC,25,RDE,11,11,0,1,1,100.00%,-1,-1,-1,0,79.2,-1,-1,0,0,5,2,3,10,37,5,11.90%
443,Malik McDowell,CLE,25,LDT,15,14,0,4,3,75.00%,16,5.3,4,0,81.2,0.8,-8,24,2,2,2,3,7,33,8,19.50%
444,Jabrill Peppers,NYG,26,DB,6,5,0,23,20,87.00%,226,11.3,9.8,1,122.1,6.5,129,97,18,1,3,1,5,29,3,9.40%
445,Darius Philon,LVR,27,DT,11,2,0,1,1,100.00%,0,0,0,0,79.2,-1,-1,1,0,2,0,2,4,27,0,0.00%
446,Bradley Roby,NOR,29,DB,14,1,1,40,28,70.00%,306,10.9,7.7,1,90.2,7.4,147,159,8,0,2,1,3,23,4,14.80%
447,Josh Sweat*,PHI,24,LDE,16,13,0,0,0,,0,,,0,,,0,0,1,10,6,7.5,25,45,1,2.20%
448,Joe Bachie,CIN,23,LB,9,2,0,10,8,80.00%,53,6.6,5.3,0,88.7,5.4,30,23,1,0,0,0,0,30,0,0.00%
449,Chris Board,BAL,26,LB,16,0,0,19,18,94.70%,196,10.9,10.3,0,109.6,4.7,69,127,35,2,2,0,4,41,4,8.90%
450,Jamie Collins,2TM,32,LB,12,4,1,11,10,90.90%,99,9.9,9,1,96.6,4.7,47,52,12,1,2,1,4,30,1,3.20%
451,Maliek Collins,HOU,26,LDT,15,15,1,1,1,100.00%,-3,-3,-3,0,39.6,-5,-5,2,0,5,5,2.5,13,29,3,9.40%
452,Jarrad Davis,NYJ,27,MLB,9,5,0,12,11,91.70%,96,8.7,8,1,127.8,3,34,62,8,1,0,0,1,25,5,16.70%
453,J.T. Gray*+,NOR,25,DB,16,0,0,3,2,66.70%,9,4.5,3,1,109.7,5.3,1,8,0,0,0,0,0,22,0,0.00%
454,Yetur Gross-Matos,CAR,23,DE,14,2,0,0,0,,0,,,0,,,0,0,0,3,0,3.5,7,28,0,0.00%
455,Chris Jones*,KAN,27,RDT/LDE,14,14,0,1,1,100.00%,6,6,6,0,91.7,-5,-5,11,0,16,8,9,34,27,4,12.90%
456,Dre'Mont Jones,DEN,24,LDE,16,7,0,1,1,100.00%,4,4,4,0,83.3,-3,-3,7,0,9,6,5.5,21,31,1,3.10%
457,Naquan Jones,TEN,23,NT,13,5,0,1,1,100.00%,5,5,5,0,87.5,-3,-3,8,0,2,0,2.5,5,29,2,6.50%
458,James Lynch,MIN,22,DT,13,1,0,0,0,,0,,,0,,,0,0,0,2,0,1,3,30,4,11.80%
459,Adetokunbo Ogundeji,ATL,23,ROLB,16,11,0,9,7,77.80%,42,6,4.7,0,86.1,1.6,13,29,4,4,1,1,6,33,5,13.20%
460,Julian Okwara,DET,24,LB,13,1,1,9,4,44.40%,48,12,5.3,0,21.8,6.7,3,45,4,5,4,5,14,27,1,3.60%
461,Juston Burris,CAR,28,SS,10,8,1,16,8,50.00%,103,12.9,6.4,0,44.5,14.3,73,30,8,1,0,0,1,23,5,17.90%
462,Chris Claybrooks,JAX,24,CB,16,2,0,24,19,79.20%,266,14,11.1,0,112.8,10.9,187,79,2,0,0,0,0,29,3,9.40%
463,John Franklin-Myers,NYJ,25,LDE,16,16,1,3,2,66.70%,-3,-1.5,-1,1,70.1,-5,-1,-2,0,10,9,6,25,35,2,5.40%
464,Quinton Jefferson,LVR,28,RDT,17,17,0,1,1,100.00%,4,4,4,0,83.3,-4,-4,8,0,10,9,4.5,25,47,1,2.10%
465,Dallin Leavitt,LVR,27,DB,16,1,0,27,17,63.00%,175,10.3,6.5,1,93.9,9.5,78,97,0,0,0,0,0,35,5,12.50%
466,Benardrick McKinney,NYG,29,LB,11,3,0,9,6,66.70%,46,7.7,5.1,0,78.9,3.7,27,19,5,0,0,0,0,29,2,6.50%
467,Trayvon Mullen,LVR,24,LCB,5,5,1,24,15,62.50%,193,12.9,8,1,84.2,17.1,146,47,1,0,0,0,0,20,2,9.10%
468,Kenneth Murray,LAC,23,LILB/RILB,11,6,0,12,11,91.70%,100,9.1,8.3,1,129.2,6.1,21,79,21,0,0,0,0,31,4,11.40%
469,Yannick Ngakoue,LVR,26,LDE,17,17,0,0,0,,0,,,0,,,0,0,0,14,12,10,36,28,4,12.50%
470,Amen Ogbongbemiga,LAC,23,LB,15,2,0,5,4,80.00%,41,10.3,8.2,0,100.8,3.2,14,27,4,0,1,1,2,26,3,10.30%
471,Mike Purcell,DEN,30,NT,13,10,0,2,2,100.00%,33,16.5,16.5,0,118.7,-4,-8,41,0,1,2,0,3,33,7,17.50%
472,Monty Rice,TEN,22,LB,10,4,0,13,10,76.90%,70,7,5.4,1,114.3,2.6,43,27,3,0,2,0,2,36,3,7.70%
473,Kevon Seymour,BAL,28,DB,9,2,0,30,24,80.00%,279,11.6,9.3,2,127.6,5.8,145,134,3,0,0,1,1,25,6,19.40%
474,Nathan Shepherd,NYJ,28,DT,17,1,0,3,3,100.00%,15,5,5,0,87.5,2,6,9,0,4,8,0,12,28,3,9.70%
475,Ambry Thomas,SFO,22,LCB,12,5,1,32,20,62.50%,350,17.5,10.9,3,118,15.8,273,77,0,0,0,0,0,23,1,4.20%
476,Daniel Thomas,JAX,23,S,16,2,0,8,4,50.00%,31,7.8,3.9,1,99.5,7.9,23,8,3,0,0,0,0,27,1,3.60%
477,Solomon Thomas,LVR,26,DE,17,0,0,2,1,50.00%,2,2,1,0,56.2,-5,-7,9,0,7,6,3.5,17,34,2,5.60%
478,Dalvin Tomlinson,MIN,27,RDT,16,16,0,0,0,,0,,,0,,,0,0,0,7,4,2.5,14,39,5,11.40%
479,Shy Tuttle,NOR,26,LDT,17,15,0,0,0,,0,,,0,,,0,0,0,4,1,0,5,48,2,4.00%
480,Mykal Walker,ATL,24,LB,17,2,1,16,12,75.00%,150,12.5,9.4,0,77.6,7.4,93,57,10,1,1,0,2,35,5,12.50%
481,Carlos Watkins,DAL,28,RDT,15,14,1,3,3,100.00%,4,1.3,1.3,0,39.6,-2.3,-7,11,0,1,1,1,3,32,0,0.00%
482,Chris Westry,BAL,24,DB,6,2,0,29,18,62.10%,291,16.2,10,2,118.6,14.6,198,93,0,0,0,0,0,17,0,0.00%
483,DeShawn Williams,DEN,29,NT,15,8,0,0,0,,0,,,0,,,0,0,0,4,4,1,9,39,2,4.90%
484,Donovan Wilson,DAL,26,DB,9,3,0,14,6,42.90%,65,10.8,4.6,0,57.1,8.1,39,26,9,0,1,0,1,29,3,9.40%
485,Andrew Adams,TAM,29,DB,14,3,1,10,7,70.00%,60,8.6,6,1,79.2,11.8,47,13,12,2,1,0,3,24,2,7.70%
486,Morgan Fox,CAR,27,LDE,17,9,0,2,2,100.00%,47,23.5,23.5,0,118.7,2,4,43,0,5,4,1.5,12,34,2,5.60%
487,Matthew Ioannidis,WAS,27,DT,16,6,0,0,0,,0,,,0,,,0,0,0,4,5,2.5,12,38,2,5.00%
488,DeMarcus Lawrence,DAL,29,LDE,7,7,1,3,3,100.00%,13,4.3,4.3,1,84.7,-2.7,-8,21,0,6,3,3,12,21,1,4.50%
489,Isaiahh Loudermilk,PIT,24,DT,15,2,0,0,0,,0,,,0,,,0,0,0,0,0,1,1,23,3,11.50%
490,Carl Nassib,LVR,28,DE,13,0,0,0,0,,0,,,0,,,0,0,0,2,2,1.5,6,21,1,4.50%
491,Siran Neal,BUF,27,DB,17,0,0,6,3,50.00%,13,4.3,2.2,0,56.2,2.7,5,8,3,0,0,0,0,23,1,4.20%
492,Kwity Paye,IND,23,LDE,15,15,0,4,1,25.00%,9,9,2.3,0,39.6,-0.3,-2,11,5,5,6,4,16,32,1,3.00%
493,Shaquille Quarterman,JAX,24,LB,17,0,0,7,4,57.10%,31,7.8,4.4,0,68.2,5.9,19,12,3,1,0,0,1,30,2,6.30%
494,Aaron Robinson,NYG,24,DB,9,2,0,30,19,63.30%,204,10.7,6.8,1,94.3,11.1,132,72,6,0,1,0,1,26,1,3.70%
495,Tremon Smith,HOU,25,DB,17,2,0,13,10,76.90%,109,10.9,8.4,1,126.8,6.4,58,51,0,1,0,0,1,21,2,8.70%
496,Casey Toohill,WAS,25,LDE,16,6,0,3,3,100.00%,17,5.7,5.7,0,90.3,1,3,14,0,4,4,1,9,27,2,6.90%
497,Shaun Bradley,PHI,24,LB,15,1,0,5,4,80.00%,37,9.3,7.4,0,97.5,5,20,17,0,0,0,0,0,23,2,8.00%
498,Terrence Brooks,HOU,29,DB,11,3,0,15,10,66.70%,178,17.8,11.9,3,146.7,19.3,158,20,1,0,0,0,0,21,1,4.50%
499,Frank Clark*,KAN,28,RDE,14,14,0,2,1,50.00%,4,4,2,0,56.2,2.5,0,4,7,11,13,4.5,29,22,7,24.10%
500,Trey Flowers,DET,28,LOLB,7,7,0,9,8,88.90%,95,11.9,10.6,2,150.2,0.4,4,91,3,4,1,1.5,7,24,2,7.70%
501,Jonathan Garvin,GNB,22,DE,16,1,0,5,4,80.00%,17,4.3,3.4,0,80.8,-0.8,-9,26,32,5,4,1.5,11,19,1,5.00%
502,Stephon Gilmore*,CAR,31,DB,8,3,2,25,17,68.00%,159,9.4,6.4,2,78.6,8.8,118,41,0,0,0,0,0,16,0,0.00%
503,A.J. Green,CLE,23,CB,12,1,1,22,9,40.90%,168,18.7,7.6,2,79.4,15.1,91,77,1,0,0,0,0,21,2,8.70%
504,Randy Gregory,DAL,29,RDE,12,11,1,1,1,100.00%,7,7,7,0,56.2,-3,-3,10,12,12,11,6,29,19,4,17.40%
505,Johnathan Hankins,LVR,29,LDT,14,14,0,3,1,33.30%,3,3,1,0,42.4,3.3,-1,4,0,1,2,0,3,38,4,9.50%
506,Travin Howard,LAR,25,LB,12,2,1,6,4,66.70%,36,9,6,0,43.1,4.8,11,25,1,0,0,0,0,21,0,0.00%
507,Danny Johnson,WAS,26,DB,12,1,0,32,22,68.80%,239,10.9,7.5,2,111.3,7.2,159,80,6,0,0,0,0,21,1,4.50%
508,Jonathan Jones,NWE,28,DB,6,1,1,34,22,64.70%,275,12.5,8.1,1,87.3,9.4,154,121,0,0,0,0,0,20,1,4.80%
509,Devon Kennard,ARI,30,DE,15,3,0,3,3,100.00%,16,5.3,5.3,0,88.9,1.3,4,12,18,3,2,0,5,24,4,14.30%
510,Tyler Lancaster,GNB,27,DT,16,3,0,0,0,,0,,,0,,,0,0,0,1,0,0,1,31,0,0.00%
511,Shaq Lawson,NYJ,27,RDE,14,7,1,4,3,75.00%,32,10.7,8,0,58.3,-4.5,-13,45,3,9,2,1,13,23,2,8.00%
512,Terrell Lewis,LAR,23,LB,11,4,0,7,6,85.70%,45,7.5,6.4,0,93.5,1.6,11,34,27,4,0,3,7,22,3,12.00%
513,Khalil Mack,CHI,30,ROLB,7,7,0,1,1,100.00%,3,3,3,0,79.2,-3,-3,6,12,2,1,6,9,19,0,0.00%
514,Benson Mayowa,SEA,30,ROLB,15,7,0,11,8,72.70%,64,8,5.8,1,117.2,-1,-9,73,27,4,1,1,6,30,4,11.80%
515,Alim McNeill,DET,21,NT,17,6,0,0,0,,0,,,0,,,0,0,1,5,1,2,8,39,3,7.10%
516,Bryan Mone,SEA,26,LDE,14,5,0,1,1,100.00%,8,8,8,0,100,5,5,3,0,0,2,1.5,4,35,4,10.30%
517,Nick Niemann,LAC,24,LB,17,0,1,3,1,33.30%,8,8,2.7,0,2.8,8.7,6,2,1,0,0,0,0,22,0,0.00%
518,Levi Onwuzurike,DET,23,DT,16,0,0,1,1,100.00%,15,15,15,0,118.7,-4,-4,19,0,1,0,1,2,35,2,5.40%
519,Sheldon Rankins,NYJ,27,DT,16,3,0,0,0,,0,,,0,,,0,0,0,5,3,3,11,32,5,13.50%
520,Duke Riley,MIA,27,LB,16,3,0,13,9,69.20%,65,7.2,5,0,80.6,3.7,25,40,11,3,0,0,3,26,2,7.10%
521,Jimmy Smith,BAL,33,DB,10,2,0,23,16,69.60%,139,8.7,6,0,85.2,9.6,53,86,3,0,0,0,0,18,3,14.30%
522,Geno Stone,BAL,22,S,15,1,1,14,8,57.10%,127,15.9,9.1,0,57.7,14.4,91,36,9,0,1,0,1,21,3,12.50%
523,Kentavius Street,SFO,25,DE,17,2,0,0,0,,0,,,0,,,0,0,0,1,3,3,7,27,2,6.90%
524,Ndamukong Suh,TAM,34,LDE,17,17,0,1,1,100.00%,0,0,0,0,79.2,-6,-6,6,0,6,7,6,19,27,1,3.60%
525,Garret Wallow,HOU,22,LB,17,2,0,15,13,86.70%,136,10.5,9.1,0,104.4,3.5,47,89,6,0,0,1,1,23,2,8.00%
526,Brandon Williams,BAL,32,NT,13,13,0,1,1,100.00%,5,5,5,0,87.5,3,3,2,0,2,1,0,3,35,0,0.00%
527,Joejuan Williams,NWE,24,DB,12,1,0,18,10,55.60%,129,12.9,7.2,1,96.8,11.8,86,43,3,1,0,0,1,21,0,0.00%
528,Milton Williams,PHI,22,DT,17,2,0,1,1,100.00%,6,6,6,0,91.7,-4,-4,10,0,5,4,2,11,30,2,6.30%
529,Chase Young,WAS,22,LDE,9,9,0,2,2,100.00%,21,10.5,10.5,0,110.4,0.5,1,20,9,8,3,1.5,13,26,0,0.00%
530,Olasunkanmi Adeniyi,TEN,24,LB,16,0,0,3,1,33.30%,11,11,3.7,0,45.1,-3.3,-2,13,1,2,5,2.5,10,21,1,4.50%
531,Ross Blacklock,HOU,23,DT,14,2,0,3,1,33.30%,6,6,2,0,42.4,-1.7,-4,10,0,7,4,2,13,22,2,8.30%
532,Michael Dogbe,ARI,25,DE,16,1,0,1,0,0.00%,0,,0,0,39.6,4,0,0,0,1,1,1,3,27,2,6.90%
533,Dennis Gardeck,ARI,27,LB,14,3,0,3,3,100.00%,46,15.3,15.3,0,118.7,6.3,19,27,18,2,4,0,6,23,3,11.50%
534,Eddie Goldman,CHI,27,NT,14,10,0,0,0,,0,,,0,,,0,0,0,3,0,0.5,4,22,4,15.40%
535,Chauncey Golston,DAL,23,LB,15,0,0,4,3,75.00%,30,10,7.5,0,95.8,1.5,6,24,2,6,2,1,10,32,2,5.90%
536,Malik Harrison,BAL,23,ROLB,14,5,0,15,11,73.30%,111,10.1,7.4,2,133.6,1.7,22,89,6,0,0,0,0,25,2,7.40%
537,Justin Hollins,LAR,25,LB,8,2,0,6,6,100.00%,38,6.3,6.3,0,93.1,-0.3,-2,40,19,2,0,2,4,22,0,0.00%
538,Tanoh Kpassagnon,NOR,27,RDE,8,5,0,3,3,100.00%,22,7.3,7.3,0,97.2,-4,-12,34,1,4,3,4,11,18,2,10.00%
539,Charles Omenihu,2TM,24,DE,15,2,0,0,0,,0,,,0,,,0,0,0,3,4,0,7,17,4,19.00%
540,Jordan Phillips,ARI,29,LDE,9,8,0,2,1,50.00%,16,16,8,0,77.1,6,11,5,0,4,1,3,8,22,2,8.30%
541,Amik Robertson,LVR,23,CB,10,2,0,18,13,72.20%,145,11.2,8.1,3,135.4,12.6,100,45,1,0,0,0,0,19,4,17.40%
542,Tedarrell Slaton,GNB,24,DT,17,0,0,1,1,100.00%,7,7,7,0,95.8,4,4,3,0,1,0,1,3,23,2,8.00%
543,Desmond Trufant,2TM,31,DB,10,1,0,30,14,46.70%,125,8.9,4.2,1,69.4,12.6,110,15,0,0,0,0,0,17,2,10.50%
544,Stephen Weatherly,2TM,27,LB,15,1,0,0,0,,0,,,0,,,0,0,2,11,4,2.5,18,23,0,0.00%
545,Jarren Williams,NYG,24,CB,6,2,0,21,8,38.10%,53,6.6,2.5,0,46.3,7.5,46,7,1,0,0,0,0,18,0,0.00%
546,Nick Williams,DET,31,RDE,17,17,0,1,1,100.00%,7,7,7,0,95.8,-5,-5,12,0,5,1,0.5,7,27,2,6.90%
547,Ahkello Witherspoon,PIT,26,DB,9,3,3,37,14,37.80%,233,16.6,6.3,1,35.1,10.8,138,95,1,0,0,0,0,15,6,28.60%
548,Deandre Baker,KAN,24,DB,8,1,0,24,18,75.00%,192,10.7,8,1,111.8,5.9,70,122,1,0,0,0,0,16,3,15.80%
549,Andre Chachere,PHI,25,DB,16,1,0,10,8,80.00%,157,19.6,15.7,2,158.3,12.3,108,49,1,1,0,0,1,15,4,21.10%
550,Zaven Collins,ARI,22,DB,17,6,0,14,8,57.10%,69,8.6,4.9,1,94,5,17,52,10,1,0,0,1,25,2,7.40%
551,Dee Delaney,TAM,26,DB,15,2,1,26,19,73.10%,227,11.9,8.7,3,121.8,10.5,190,37,2,0,0,0,0,17,3,15.00%
552,Bud Dupree,TEN,28,LOLB,11,6,0,5,5,100.00%,106,21.2,21.2,0,118.7,2.2,15,91,15,9,5,3,17,17,0,0.00%
553,Demetrius Flannigan-Fowles,SFO,25,DB,17,2,0,11,10,90.90%,84,8.4,7.6,0,98.5,1.4,14,70,6,0,0,0,0,29,2,6.50%
554,Jaylinn Hawkins,ATL,24,S,14,4,2,19,11,57.90%,190,17.3,10,2,87.5,10.7,104,86,8,2,0,0,2,24,5,17.20%
555,Clay Johnston,2TM,25,LB,13,1,0,3,2,66.70%,30,15,10,0,99.3,-0.3,-6,36,1,0,0,0,0,27,2,6.90%
556,Christian Jones,CHI,30,LB,17,1,0,3,3,100.00%,14,4.7,4.7,0,86.1,2,6,8,1,0,0,0,0,24,1,4.00%
557,Kelvin Joseph,DAL,21,DB,10,2,0,17,8,47.10%,89,11.1,5.2,1,82.7,6.8,14,75,0,0,0,0,0,16,1,5.90%
558,Nick Kwiatkoski,LVR,28,LB,8,0,0,7,6,85.70%,92,15.3,13.1,0,118.7,10.6,72,20,2,0,0,0,0,21,1,4.50%
559,C.J. Moore,DET,26,DB,17,1,1,12,8,66.70%,47,5.9,3.9,0,39.2,5.8,20,27,12,0,1,0,1,22,2,8.30%
560,Anthony Nelson,TAM,24,DE,17,2,0,6,4,66.70%,28,7,4.7,1,116.7,2.7,12,16,16,4,5,5,14,22,1,4.30%
561,Jacob Phillips,CLE,22,LB,4,1,0,7,4,57.10%,13,3.3,1.9,0,62.2,2,4,9,8,1,0,1,2,17,2,10.50%
562,Alton Robinson,SEA,23,DE,16,2,0,3,2,66.70%,4,2,1.3,0,70.1,-3,-10,14,0,6,2,1,9,22,2,8.30%
563,Bravvion Roy,CAR,25,DT,17,2,0,0,0,,0,,,0,,,0,0,0,1,2,0,3,30,2,6.30%
564,Montez Sweat,WAS,25,RDE,10,10,0,1,1,100.00%,14,14,14,0,118.7,10,10,4,8,11,8,5,24,24,3,11.10%
565,Roderic Teamer,LVR,24,DB,10,2,0,22,13,59.10%,134,10.3,6.1,0,76.7,7.7,76,58,5,0,0,0,0,18,5,21.70%
566,Tershawn Wharton,KAN,23,DE,17,1,1,1,1,100.00%,-2,-2,-2,0,39.6,-4,-4,2,1,5,0,2,8,29,3,9.40%
567,Shawn Williams,ATL,30,DB,6,2,0,8,5,62.50%,47,9.4,5.9,1,118.2,9.9,17,30,3,0,0,0,0,23,3,11.50%
568,Ronald Blair,NYJ,28,DE,8,3,0,4,3,75.00%,19,6.3,4.8,0,84.4,-2.5,-7,26,2,3,3,1,7,28,1,3.40%
569,Jonathan Bostic,WAS,30,RLB,4,4,0,13,11,84.60%,115,10.5,8.8,1,129.2,6,58,57,10,0,0,0,0,22,3,12.00%
570,Marlon Davidson,ATL,23,DE,11,1,1,1,0,0.00%,0,,0,0,0,-5,0,0,0,0,0,1,1,21,1,4.50%
571,Carl Davis,NWE,29,DT,17,4,0,1,1,100.00%,8,8,8,0,100,-1,-1,9,0,1,0,1,2,19,1,5.00%
572,Raekwon Davis,MIA,24,LDT,14,14,0,0,0,,0,,,0,,,0,0,0,1,0,0.5,2,28,4,12.50%
573,Troy Dye,MIN,25,LB,17,1,0,2,1,50.00%,27,27,13.5,0,95.8,9.5,12,15,1,0,0,0,0,20,1,4.80%
574,Matthias Farley,TEN,29,DB,17,0,0,4,3,75.00%,37,12.3,9.3,0,103.1,10.8,31,6,1,0,0,0,0,16,0,0.00%
575,Tre Herndon,JAX,25,DB,9,3,0,19,18,94.70%,181,10.1,9.5,1,123.9,4.4,79,102,9,0,0,0,0,17,4,19.00%
576,Melvin Ingram,2TM,32,DE/LDE,15,7,0,7,7,100.00%,58,8.3,8.3,0,101.2,3.6,25,33,49,11,8,2,22,25,4,13.80%
577,Justin Layne,PIT,23,DB,17,0,0,4,3,75.00%,17,5.7,4.3,0,82.3,7.3,9,8,0,0,0,0,0,16,1,5.90%
578,Deommodore Lenoir,SFO,22,DB,13,2,0,20,12,60.00%,192,16,9.6,2,125.4,15.7,123,69,0,0,0,0,0,17,3,15.00%
579,Tyler Matakevich,BUF,29,LB,17,0,1,5,5,100.00%,30,6,6,0,52.1,5.4,23,7,1,0,0,0,0,19,1,5.00%
580,Ifeatu Melifonwu,DET,22,DB,7,4,0,23,14,60.90%,213,15.2,9.3,2,120.4,12.3,133,80,1,1,0,0,1,15,1,6.30%
581,Rashaan Melvin,CAR,32,DB,10,2,0,24,13,54.20%,187,14.4,7.8,1,93.6,10.1,110,77,1,0,0,0,0,16,4,20.00%
582,Sharrod Neasman,NYJ,30,DB,11,1,1,4,1,25.00%,43,43,10.8,0,32.3,24.5,37,6,2,0,0,0,0,14,3,17.60%
583,David Onyemata,NOR,29,RDT,11,11,0,0,0,,0,,,0,,,0,0,0,6,7,2,16,34,3,8.10%
584,Michael Pierce,MIN,29,LDT,8,8,0,2,0,0.00%,0,,0,0,39.6,2,0,0,0,3,1,3,7,20,3,13.00%
585,Bobby Price,DET,23,DB,15,2,0,18,8,44.40%,163,20.4,9.1,0,76.9,21.3,128,35,0,0,0,0,0,18,2,10.00%
586,Christian Ringo,NOR,29,DE,14,4,0,0,0,,0,,,0,,,0,0,0,2,3,0,5,26,3,10.30%
587,Kenny Robinson Jr.,CAR,22,S,10,1,0,5,5,100.00%,83,16.6,16.6,3,158.3,10.8,54,29,1,0,0,0,0,17,2,10.50%
588,Danny Shelton,NYG,28,NT,13,0,0,0,0,,0,,,0,,,0,0,0,0,0,0.5,1,31,2,6.10%
589,Shamar Stephen,DEN,30,DT,17,0,0,1,1,100.00%,1,1,1,0,79.2,-6,-6,7,0,2,3,0,5,34,1,2.90%
590,K'Von Wallace,PHI,24,S,13,3,0,8,6,75.00%,48,8,6,1,129.2,6,32,16,0,0,0,0,0,15,1,6.30%
591,Ricardo Allen,CIN,30,DB,14,1,0,7,6,85.70%,65,10.8,9.3,0,105.4,6.6,37,28,5,0,0,0,0,15,1,6.30%
592,Boogie Basham,BUF,24,DE,8,0,0,1,1,100.00%,10,10,10,0,108.3,1,1,9,0,3,0,2.5,6,18,1,5.30%
593,Xavier Crawford,CHI,26,DB,13,2,0,15,11,73.30%,142,12.9,9.5,3,142.2,5.5,57,85,4,0,0,0,0,15,3,16.70%
594,Michael Danna,KAN,24,LDE/RDE,17,6,0,6,5,83.30%,27,5.4,4.5,0,85.4,-2.3,-11,38,3,4,7,3,14,26,0,0.00%
595,Kyler Fackrell,LAC,30,LB,13,1,0,3,3,100.00%,37,12.3,12.3,0,118.1,-3,-9,46,21,4,1,3,8,17,1,5.60%
596,Ulysees Gilbert,PIT,24,LB,17,0,0,1,1,100.00%,1,1,1,0,79.2,-4,-4,5,3,0,0,0,0,15,1,6.30%
597,Carl Granderson,NOR,25,DE,15,3,0,3,3,100.00%,14,4.7,4.7,1,125.7,-1.7,-5,19,1,7,5,3,15,25,6,19.40%
598,Tarron Jackson,PHI,23,DE,17,0,0,0,0,,0,,,0,,,0,0,1,8,0,1,9,18,1,5.30%
599,Jaleel Johnson,HOU,27,DT,12,0,0,3,3,100.00%,7,2.3,2.3,0,79.2,-5.7,-17,24,0,2,1,0,3,23,4,14.80%
600,Patrick Johnson,PHI,23,DE,17,2,0,4,4,100.00%,13,3.3,3.3,0,80.2,0.5,2,11,4,0,0,0,0,17,1,5.60%
601,Arden Key,SFO,25,DE,17,0,0,3,2,66.70%,-3,-1.5,-1,0,70.1,-5.3,-8,5,0,1,10,6.5,19,22,2,8.30%
602,Elijah Lee,CLE,25,LB,16,0,0,2,2,100.00%,22,11,11,0,112.5,10,20,2,2,0,0,0,0,15,1,6.30%
603,Star Lotulelei,BUF,32,RDT,11,8,0,0,0,,0,,,0,,,0,0,0,0,1,3,4,17,1,5.60%
604,Jacob Martin,HOU,26,LDE,17,14,0,1,0,0.00%,0,,0,0,39.6,-3,0,0,9,13,2,4,19,23,4,14.80%
605,Blake Martinez,NYG,27,LB,3,3,0,10,10,100.00%,47,4.7,4.7,1,119.6,1.1,11,36,8,0,0,0,0,23,2,8.00%
606,Pernell McPhee,BAL,33,DE,10,0,0,2,2,100.00%,14,7,7,0,95.8,1,2,12,18,0,3,1,4,14,2,12.50%
607,Del'Shawn Phillips,NYJ,25,LB,17,1,0,9,9,100.00%,104,11.6,11.6,1,151.9,1.9,17,87,4,1,0,1,2,31,3,8.80%
608,Robert Rochell,LAR,23,LCB,11,5,1,23,14,60.90%,183,13.1,8,1,82.3,9.5,124,59,0,0,0,0,0,14,4,22.20%
609,Richard Sherman,TAM,33,DB,5,3,1,17,12,70.60%,162,13.5,9.5,0,76.1,11.6,111,51,4,0,0,0,0,11,3,21.40%
610,Buster Skrine,2TM,32,DB,7,3,1,23,16,69.60%,248,15.5,10.8,0,86.9,12.5,146,102,3,1,0,0,1,17,3,15.00%
611,James Smith-Williams,WAS,24,RDE,14,6,0,2,2,100.00%,9,4.5,4.5,0,85.4,0,0,9,1,1,1,2.5,6,30,0,0.00%
612,Taylor Stallworth,IND,26,DT,16,1,0,1,1,100.00%,-1,-1,-1,0,79.2,-7,-7,6,0,1,9,3,13,16,0,0.00%
613,Armani Watts,KAN,25,DB,16,0,0,4,4,100.00%,11,2.8,2.8,0,79.2,0.8,3,8,0,0,0,0,0,19,0,0.00%
614,Trae Waynes,CIN,29,DB,5,4,0,17,12,70.60%,161,13.4,9.5,3,140,11.8,127,34,0,0,0,0,0,12,2,14.30%
615,Kenny Willekes,MIN,24,DE,6,0,0,0,0,,0,,,0,,,0,0,0,3,3,2.5,9,18,1,5.30%
616,Avery Williams,ATL,23,DB,15,1,0,14,11,78.60%,112,10.2,8,1,123.8,5.9,59,53,6,0,3,0,3,22,4,15.40%
617,Jarrod Wilson,2TM,27,DB,9,3,0,5,3,60.00%,39,13,7.8,0,84.6,11,14,25,5,0,2,1,3,16,2,11.10%
618,Jahleel Addae,IND,31,DB,9,1,0,4,4,100.00%,30,7.5,7.5,0,97.9,4.8,19,11,2,1,0,0,1,15,0,0.00%
619,Taven Bryan,JAX,25,DT,15,0,0,0,0,,0,,,0,,,0,0,0,2,6,2,10,15,2,11.80%
620,Adrian Colbert,2TM,28,DB,6,3,0,4,3,75.00%,40,13.3,10,0,106.2,10.5,20,20,1,0,0,0,0,16,2,11.10%
621,Dylan Cole,TEN,27,LB,9,0,0,2,1,50.00%,5,5,2.5,0,56.2,1,-3,8,4,0,1,0,1,16,0,0.00%
622,Tyeler Davison,ATL,29,NT,12,11,0,0,0,,0,,,0,,,0,0,0,2,0,0,2,30,0,0.00%
623,Tyrel Dodson,BUF,23,LB,16,0,0,6,5,83.30%,36,7.2,6,0,91.7,3,14,22,1,0,0,0,0,15,1,6.30%
624,Jordan Elliott,CLE,24,DT,16,3,0,1,1,100.00%,3,3,3,0,79.2,-6,-6,9,0,2,2,0.5,5,26,1,3.70%
625,Dre Greenlaw,SFO,24,LB,3,2,1,15,10,66.70%,63,6.3,4.2,0,47.4,1.5,15,48,4,0,1,0,1,21,2,8.70%
626,Everson Griffen,MIN,34,RDE,9,6,0,1,1,100.00%,5,5,5,0,87.5,3,3,2,0,15,6,5,26,15,4,21.10%
627,Jeff Heath,NOR,30,DB,16,0,0,0,0,,0,,,0,,,0,0,2,1,0,1,2,12,2,14.30%
628,John Jenkins,MIA,32,DT,7,2,0,0,0,,0,,,0,,,0,0,0,0,0,0,0,16,1,5.90%
629,Josh Jones,2TM,27,DB,10,1,0,4,2,50.00%,21,10.5,5.3,0,65.6,17.3,21,0,1,0,0,0,0,16,0,0.00%
630,Kingsley Keke,GNB,25,RDE,12,8,0,1,1,100.00%,3,3,3,0,79.2,-2,-2,5,0,2,2,2.5,7,23,1,4.20%
631,Tyquan Lewis,IND,26,DE,8,2,1,2,2,100.00%,-1,-0.5,-0.5,0,39.6,-4,-8,7,0,1,3,2.5,7,14,1,6.70%
632,Jason McCourty,MIA,34,DB,7,4,0,12,8,66.70%,99,12.4,8.3,1,119.8,10.7,77,22,3,0,0,0,0,21,2,8.70%
633,Takkarist McKinley,CLE,26,DE,11,2,0,1,1,100.00%,7,7,7,0,95.8,7,7,0,5,7,4,2.5,14,18,1,5.30%
634,Jonathan Owens,HOU,26,DB,7,2,1,4,3,75.00%,52,17.3,13,0,77.1,21,44,8,0,0,0,0,0,18,2,10.00%
635,Corey Peters,ARI,33,NT,14,11,0,0,0,,0,,,0,,,0,0,0,2,0,0,2,24,0,0.00%
636,Jason Pinnock,NYJ,22,CB,12,2,0,9,7,77.80%,78,11.1,8.7,1,139.8,10.3,57,21,1,0,0,0,0,16,0,0.00%
637,Hassan Ridgeway,PHI,27,DT,17,1,0,2,2,100.00%,7,3.5,3.5,0,81.2,-6,-12,19,0,3,3,2,8,20,1,4.80%
638,Isaac Rochell,IND,26,DT,12,0,0,1,1,100.00%,6,6,6,0,91.7,4,4,2,0,1,3,0,4,17,1,5.60%
639,Anthony Rush,2TM,25,DT/NT,12,6,0,0,0,,0,,,0,,,0,0,0,1,1,0,2,19,1,5.00%
640,Chapelle Russell,JAX,24,LB,16,1,0,6,5,83.30%,16,3.2,2.7,0,79.2,-0.5,1,15,5,0,0,0,0,18,2,10.00%
641,Teair Tart,TEN,24,NT,11,10,0,0,0,,0,,,0,,,0,0,0,0,1,0,1,16,3,15.80%
642,Khyiris Tonga,CHI,25,DT,15,2,0,0,0,,0,,,0,,,0,0,0,0,0,0,0,24,4,14.30%
643,Josh Uche,NWE,23,LB,12,0,0,3,3,100.00%,18,6,6,0,91.7,-0.3,-1,19,14,4,1,3,8,12,0,0.00%
644,Jihad Ward,JAX,27,DE,17,1,0,4,4,100.00%,21,5.3,5.3,0,88.5,1.5,6,15,5,5,5,2,12,32,6,15.80%
645,J.J. Watt,ARI,32,RDE,7,7,0,0,0,,0,,,0,,,0,0,0,7,8,1,16,16,3,15.80%
646,Jaire Alexander,GNB,24,DB,4,4,1,22,12,54.50%,131,10.9,6,2,83.7,10.9,73,58,1,0,0,0,0,13,1,7.10%
647,Justin Bethel,NWE,31,DB,17,0,0,8,6,75.00%,86,14.3,10.8,0,109.4,12,59,27,0,0,0,0,0,12,0,0.00%
648,Tre Brown,SEA,24,DB,5,3,0,16,8,50.00%,75,9.4,4.7,0,63.3,13.8,60,15,1,1,0,0,1,10,1,9.10%
649,Adam Butler,MIA,27,DT,17,1,0,2,2,100.00%,25,12.5,12.5,0,118.7,4,8,17,0,2,4,2,8,17,5,22.70%
650,Bradley Chubb,DEN,25,LOLB,7,7,1,3,1,33.30%,17,17,5.7,0,13.9,0,0,17,5,7,3,0,10,21,6,22.20%
651,Cody Davis,NWE,32,DB,17,0,0,0,0,,0,,,0,,,0,0,0,0,0,0,0,15,1,6.30%
652,Andrew Dowell,NOR,25,LB,16,0,0,0,0,,0,,,0,,,0,0,2,0,0,0,0,15,0,0.00%
653,Samuel Eguavoen,MIA,28,LB,17,0,0,4,3,75.00%,28,9.3,7,0,93.7,2,5,23,16,3,6,0.5,10,16,3,15.80%
654,Kaden Elliss,NOR,26,LB,13,1,0,10,9,90.00%,128,14.2,12.8,0,118.7,4.1,41,87,14,1,2,1,4,17,2,10.50%
655,Marquis Haynes,CAR,28,LB,17,0,0,3,2,66.70%,12,6,4,0,74.3,4,11,1,2,3,2,3,8,20,1,4.80%
656,Mack Hollins,MIA,28,WR,17,3,0,0,0,,0,,,0,,,0,0,0,0,0,0,0,11,1,8.30%
657,Joe Jackson,CLE,25,DE,12,0,0,0,0,,0,,,0,,,0,0,0,0,1,1.5,3,16,0,0.00%
658,Tony Jefferson,2TM,29,DB,6,0,0,10,6,60.00%,52,8.7,5.2,0,73.7,8.4,29,23,8,0,0,1,1,18,1,5.30%
659,Jordan Jenkins,HOU,27,LB,11,0,0,2,2,100.00%,14,7,7,1,135.4,-0.5,-1,15,0,4,2,2.5,9,20,0,0.00%
660,Miles Killebrew,PIT,28,DB,17,0,0,3,3,100.00%,9,3,3,0,79.2,0,0,9,1,0,0,0,0,13,3,18.80%
661,Micah Kiser,2TM,26,LB,11,2,0,1,1,100.00%,3,3,3,0,79.2,-3,-3,6,3,1,0,0,1,19,2,9.50%
662,Anthony Levine,BAL,34,DB,17,1,0,6,5,83.30%,79,15.8,13.2,0,118.7,13.8,55,24,4,0,0,0,0,12,0,0.00%
663,Greg Mabin,TEN,27,DB,5,2,0,18,8,44.40%,69,8.6,3.8,1,73.6,14.7,46,23,0,0,0,0,0,10,2,16.70%
664,Whitney Mercilus,2TM,31,DE,10,2,0,0,0,,0,,,0,,,0,0,2,4,1,4,9,17,1,5.60%
665,Ogbonnia Okoronkwo,LAR,26,LB,13,0,0,5,4,80.00%,6,1.5,1.2,0,79.2,-1.8,-9,15,19,2,3,2,8,15,4,21.10%
666,Mike Pennel,ATL,30,DT,10,0,0,0,0,,0,,,0,,,0,0,0,2,0,0,2,21,1,4.50%
667,Anthony Pittman,DET,25,LB,17,1,0,5,4,80.00%,47,11.8,9.4,0,105.8,3.2,9,38,6,0,1,0,1,18,2,10.00%
668,Cameron Sample,CIN,22,DE,14,0,0,2,1,50.00%,9,9,4.5,0,62.5,-2,-4,13,1,6,3,1.5,11,14,1,6.70%
669,Joe Thomas,2TM,30,LB,7,2,0,2,2,100.00%,9,4.5,4.5,0,85.4,-3,-6,15,1,0,0,0,0,13,3,18.80%
670,Michael Thomas,CIN,31,DB,8,1,0,5,3,60.00%,38,12.7,7.6,0,83.7,13.4,28,10,0,0,0,0,0,18,1,5.30%
671,Tommy Togiai,CLE,22,DT,6,0,0,0,0,,0,,,0,,,0,0,0,0,0,0.5,1,16,2,11.10%
672,Payton Turner,NOR,23,DE,5,0,0,0,0,,0,,,0,,,0,0,0,5,2,1,8,12,0,0.00%
673,Derrek Tuszka,PIT,25,DE,15,0,0,2,2,100.00%,8,4,4,1,122.9,3.5,7,1,12,2,1,2,5,18,2,10.00%
674,Isaac Yiadom,GNB,25,DB,16,1,0,7,6,85.70%,110,18.3,15.7,0,118.7,14.7,91,19,1,0,0,0,0,10,0,0.00%
675,Blessuan Austin,SEA,25,DB,11,1,0,10,7,70.00%,79,11.3,7.9,0,93.3,10.3,41,38,0,0,0,0,0,10,4,28.60%
676,Josiah Bronson,2TM,24,DT,7,0,0,0,0,,0,,,0,,,0,0,0,0,1,0,1,12,1,7.70%
677,Jonathan Bullard,ATL,28,DE,9,4,0,0,0,,0,,,0,,,0,0,0,0,1,0,1,21,0,0.00%
678,Keion Crossen,NYG,25,DB,16,0,0,2,1,50.00%,15,15,7.5,0,75,14.5,13,2,2,0,0,1,1,13,0,0.00%
679,A.J. Epenesa,BUF,23,DE,14,0,0,0,0,,0,,,0,,,0,0,1,5,7,1.5,14,14,4,22.20%
680,Clelin Ferrell,LVR,24,DE,16,0,0,0,0,,0,,,0,,,0,0,0,4,4,1.5,10,14,1,6.70%
681,Leki Fotu,ARI,23,DT,17,3,0,0,0,,0,,,0,,,0,0,0,1,0,0,1,19,2,9.50%
682,Joe Gaziano,LAC,25,DE,14,1,0,1,1,100.00%,0,0,0,0,79.2,0,0,0,0,3,2,0,5,13,1,7.10%
683,Luke Gifford,DAL,26,LB,16,0,0,4,3,75.00%,9,3,2.3,0,77.1,-0.5,-12,21,1,0,0,0,0,11,0,0.00%
684,Ta'Quon Graham,ATL,23,RDE,13,5,0,0,0,,0,,,0,,,0,0,0,1,1,0,2,15,2,11.80%
685,T.J. Green,2TM,26,DB,7,1,0,18,15,83.30%,201,13.4,11.2,3,152.8,12,160,41,0,0,0,0,0,13,3,18.80%
686,Jerry Hughes,BUF,33,RDE,17,16,0,2,1,50.00%,1,1,0.5,0,56.2,3.5,-7,8,2,19,4,2,26,18,7,28.00%
687,Jaquan Johnson,BUF,26,DB,17,1,1,3,3,100.00%,41,13.7,13.7,1,118.7,10,30,11,0,0,0,0,0,14,2,12.50%
688,Jessie Lemonier,DET,24,DE,7,2,0,1,1,100.00%,4,4,4,0,83.3,-2,-2,6,11,3,1,1.5,6,15,1,6.30%
689,Josh Metellus,MIN,23,S,16,0,0,5,2,40.00%,31,15.5,6.2,0,61.2,14.6,26,5,1,1,0,0,1,13,0,0.00%
690,Efe Obada,BUF,29,DE,10,1,0,1,0,0.00%,0,,0,0,39.6,-7,0,0,0,1,6,3.5,11,12,3,20.00%
691,Michael Ojemudia,DEN,24,CB,2,1,0,13,7,53.80%,45,6.4,3.5,0,61.4,10.1,24,21,0,0,0,0,0,11,0,0.00%
692,Kevin Pierre-Louis,HOU,30,LB,9,1,0,0,0,,0,,,0,,,0,0,1,0,0,0,0,10,0,0.00%
693,Chris Rumph,LAC,23,LB,16,0,0,1,1,100.00%,1,1,1,0,79.2,-4,-4,5,3,2,2,1,5,19,0,0.00%
694,Josiah Scott,PHI,22,CB,13,0,0,9,6,66.70%,86,14.3,9.6,1,134.5,10.9,63,23,0,0,0,1,1,12,0,0.00%
695,Jamien Sherwood,NYJ,21,DB,5,4,0,4,2,50.00%,24,12,6,0,68.7,-1.8,7,17,7,0,0,0,0,15,1,6.30%
696,Julian Stanford,CAR,31,LB,17,0,0,2,1,50.00%,-7,-7,-3.5,0,56.2,15.5,-8,1,3,0,0,0,0,14,0,0.00%
697,Grant Stuard,TAM,23,LB,17,0,0,3,2,66.70%,9,4.5,3,0,70.1,1.3,6,3,2,0,0,0,0,15,0,0.00%
698,Ty Summers,GNB,26,LB,14,0,0,3,3,100.00%,18,6,6,0,91.7,1,3,15,0,0,0,0,0,9,1,10.00%
699,Danny Trevathan,CHI,31,LB,5,1,0,4,4,100.00%,27,6.8,6.8,1,134.4,3,12,15,1,0,0,0,0,19,2,9.50%
700,Broderick Washington Jr.,BAL,25,DT,14,2,0,1,1,100.00%,-1,-1,-1,0,79.2,-2,-2,1,0,0,2,1,3,16,1,5.90%
701,Montravius Adams,2TM,26,DT,10,5,0,4,2,50.00%,7,3.5,1.8,0,56.2,0,2,5,0,3,3,0,6,15,2,11.80%
702,Breon Borders,2TM,26,DB,12,0,0,11,5,45.50%,105,21,9.5,2,119.3,18.1,98,7,0,0,0,0,0,8,1,11.10%
703,K.J. Britt,TAM,23,LB,17,0,0,6,5,83.30%,21,4.2,3.5,0,81.2,3.2,5,16,3,0,1,0,1,12,2,14.30%
704,Taco Charlton,PIT,27,DE,11,1,0,1,1,100.00%,5,5,5,0,87.5,5,5,0,0,1,1,0.5,3,18,1,5.30%
705,Marqui Christian,CHI,27,DB,17,1,0,12,8,66.70%,181,22.6,15.1,3,149.3,15.6,128,53,2,0,0,0,0,12,2,14.30%
706,Sheldon Day,CLE,27,DT,7,1,0,0,0,,0,,,0,,,0,0,0,3,0,1,5,21,1,4.50%
707,Isaiah Dunn,NYJ,22,DB,12,1,0,6,4,66.70%,61,15.3,10.2,0,100,10.2,31,30,0,0,0,0,0,8,0,0.00%
708,Jalen Elliott,DET,23,S,8,1,0,6,5,83.30%,28,5.6,4.7,2,125.7,2.5,6,22,0,0,0,0,0,12,3,20.00%
709,Justin Ellis,BAL,31,NT,17,5,0,0,0,,0,,,0,,,0,0,0,3,1,0,4,18,2,10.00%
710,Tipa Galeai,GNB,24,LB,7,0,0,3,1,33.30%,11,11,3.7,0,45.1,2.3,-5,16,10,2,0,1,3,12,0,0.00%
711,Cam Gill,TAM,24,LB,13,0,0,1,1,100.00%,11,11,11,0,112.5,9,9,2,11,3,1,1.5,6,11,0,0.00%
712,Kevin Givens,SFO,24,DT,13,0,0,0,0,,0,,,0,,,0,0,0,1,2,0,3,17,1,5.60%
713,C.J. Goodwin,DAL,31,DB,17,0,0,0,0,,0,,,0,,,0,0,0,0,0,0,0,10,1,9.10%
714,Jonathan Harris,DEN,25,DT,3,0,0,0,0,,0,,,0,,,0,0,0,0,1,0,1,10,0,0.00%
715,Trysten Hill,DAL,23,DT,6,0,0,0,0,,0,,,0,,,0,0,0,3,2,0.5,6,11,0,0.00%
716,Jalyn Holmes,NOR,25,DE,8,1,0,1,1,100.00%,21,21,21,0,118.7,4,4,17,1,0,0,0,0,14,2,12.50%
717,Malik Jackson,CLE,31,RDT,16,16,0,0,0,,0,,,0,,,0,0,0,2,6,0.5,9,25,6,19.40%
718,Josey Jewell,DEN,27,LB,2,2,0,8,6,75.00%,23,3.8,2.9,0,77.1,3.3,6,17,2,0,0,0,0,8,0,0.00%
719,Jamir Jones,3TM,23,LB,15,1,0,2,2,100.00%,28,14,14,0,118.7,-1.5,-3,31,7,1,1,0,2,10,2,16.70%
720,Sam Kamara,CHI,24,DT,8,0,0,1,1,100.00%,10,10,10,0,108.3,1,1,9,2,0,0,0,0,10,0,0.00%
721,Lerentee McCray,JAX,31,LB,12,0,0,2,1,50.00%,3,3,1.5,0,56.2,11,3,0,2,0,0,0,0,11,2,15.40%
722,Steve McLendon,TAM,35,DT,12,0,1,3,2,66.70%,7,3.5,2.3,0,30.6,-1.7,-4,11,0,0,5,0.5,6,11,1,8.30%
723,Zech McPhearson,PHI,23,DB,16,1,0,17,9,52.90%,96,10.7,5.6,0,69.7,9.1,66,30,0,0,0,0,0,16,4,20.00%
724,A.J. Moore,HOU,26,DB,12,0,0,0,0,,0,,,0,,,0,0,0,0,0,0,0,9,2,18.20%
725,Calvin Munson,2TM,27,LB,10,0,0,2,2,100.00%,21,10.5,10.5,0,110.4,-2.5,-5,26,0,0,0,0,0,11,2,15.40%
726,Keisean Nixon,LVR,24,DB,11,1,0,6,4,66.70%,27,6.8,4.5,0,76.4,2.7,6,21,7,0,1,0,1,12,1,7.70%
727,Robert Nkemdiche,SEA,27,DT,9,0,0,0,0,,0,,,0,,,0,0,0,5,1,0,6,15,3,16.70%
728,Ifeadi Odenigbo,CLE,27,DE,9,0,0,1,1,100.00%,12,12,12,0,116.7,-6,-6,18,0,0,3,0,3,13,2,13.30%
729,Alex Okafor,KAN,30,DE,17,0,0,1,0,0.00%,0,,0,0,39.6,1,0,0,0,5,6,1.5,13,23,1,4.20%
730,Isaiah Oliver,ATL,25,DB,4,3,0,15,8,53.30%,74,9.3,4.9,1,89.3,5.1,31,43,10,1,1,0,2,11,3,21.40%
731,Will Parks,2TM,27,DB,4,2,0,7,4,57.10%,52,13,7.4,0,80.7,7.3,39,13,3,2,0,0,2,9,0,0.00%
732,Kyle Peko,TEN,28,DT,8,3,0,0,0,,0,,,0,,,0,0,0,0,2,2,4,10,0,0.00%
733,John Reid,SEA,25,CB,11,2,0,12,7,58.30%,101,14.4,8.4,1,113.5,9.5,73,28,0,0,0,0,0,12,1,7.70%
734,Derek Rivers,HOU,27,DE,5,1,0,0,0,,0,,,0,,,0,0,0,0,0,1,1,9,0,0.00%
735,Tim Settle,WAS,24,DT,16,0,0,0,0,,0,,,0,,,0,0,0,1,0,0,1,13,2,13.30%
736,Tanner Vallejo,ARI,27,LB,10,2,0,7,3,42.90%,21,7,3,0,50.3,4.4,8,13,1,0,0,0.5,1,11,5,31.30%
737,Nahshon Wright,DAL,23,DB,13,1,0,8,4,50.00%,65,16.3,8.1,0,77.6,10.6,44,21,0,0,0,0,0,9,1,10.00%
738,Marcus Allen,PIT,25,DB,16,1,0,8,5,62.50%,53,10.6,6.6,0,81.8,8.1,25,28,9,0,0,0,0,13,2,13.30%
739,Dicaprio Bootle,KAN,24,DB,3,0,0,5,5,100.00%,34,6.8,6.8,0,95,4,20,14,1,0,0,0,0,8,1,11.10%
740,Vernon Butler,BUF,27,DT,10,1,0,1,1,100.00%,73,73,73,1,158.3,-4,-4,77,0,3,2,0,5,11,1,8.30%
741,Anthony Chesley,IND,25,DB,9,0,0,5,3,60.00%,25,8.3,5,0,72.9,10.6,17,8,1,0,0,0,0,6,1,14.30%
742,DeeJay Dallas,SEA,23,RB,17,0,0,0,0,,0,,,0,,,0,0,0,0,0,0,0,10,1,9.10%
743,Nick Dzubnar,TEN,30,LB,17,0,0,0,0,,0,,,0,,,0,0,1,0,0,0,0,15,0,0.00%
744,Mike Ford,DEN,26,DB,13,0,0,5,4,80.00%,32,8,6.4,0,93.3,10.6,20,12,0,0,0,0,0,6,1,14.30%
745,Thomas Graham,CHI,22,DB,4,1,0,12,6,50.00%,67,11.2,5.6,1,94.8,11.3,44,23,0,0,0,0,0,13,2,13.30%
746,Porter Gustin,CLE,24,DE,6,1,0,0,0,,0,,,0,,,0,0,2,3,0,0,3,9,0,0.00%
747,Nate Hairston,DEN,27,DB,16,1,0,15,8,53.30%,79,9.9,5.3,2,108.1,7.3,34,45,1,0,0,0,0,9,0,0.00%
748,Justin Hamilton,DAL,28,DT,9,0,0,0,0,,0,,,0,,,0,0,0,0,2,0,2,10,1,9.10%
749,Davontae Harris,2TM,26,DB,6,1,0,10,7,70.00%,103,14.7,10.3,1,136.7,9.9,83,20,1,0,0,0,0,9,2,18.20%
750,Michael Hoecht,LAR,24,DL,17,3,0,0,0,,0,,,0,,,0,0,1,1,0,0,1,7,1,12.50%
751,Margus Hunt,CHI,34,DE,10,0,0,0,0,,0,,,0,,,0,0,0,1,0,0,1,14,0,0.00%
752,Noah Igbinoghene,MIA,22,CB,7,1,0,9,6,66.70%,75,12.5,8.3,1,129.4,8,58,17,1,0,0,0,0,6,1,14.30%
753,Dre Kirkpatrick,SFO,32,DB,6,1,0,9,6,66.70%,76,12.7,8.4,1,129.9,7.7,51,25,0,0,0,0,0,7,1,12.50%
754,Rashard Lawrence,ARI,23,NT,11,7,0,1,1,100.00%,8,8,8,0,100,-3,-3,11,0,0,0,0,0,11,1,8.30%
755,Marquel Lee,LVR,26,LB,11,0,0,1,1,100.00%,6,6,6,0,91.7,5,5,1,0,0,0,0,0,11,1,8.30%
756,Trey Marshall,LAC,25,DB,14,1,0,5,4,80.00%,91,22.8,18.2,0,118.7,9.6,27,64,0,0,0,0,0,19,4,17.40%
757,Henry Mondeaux,PIT,26,DT,15,2,0,0,0,,0,,,0,,,0,0,0,2,0,2,4,16,3,15.80%
758,Dare Ogunbowale,JAX,27,RB,17,2,0,1,0,0.00%,0,,0,0,39.6,0,0,0,0,0,0,0,0,7,0,0.00%
759,Kevin Peterson,ARI,27,DB,4,2,0,8,5,62.50%,46,9.2,5.8,2,117.7,10,36,10,0,0,0,0,0,8,0,0.00%
760,Darius Phillips,CIN,26,DB,12,0,0,11,8,72.70%,118,14.8,10.7,1,137.7,13,91,27,0,0,0,0,0,8,1,11.10%
761,Kyle Phillips,NYJ,24,DE,7,1,0,1,1,100.00%,1,1,1,0,79.2,-4,-4,5,0,0,2,1,3,15,3,16.70%
762,Derick Roberson,TEN,26,DE,5,0,0,0,0,,0,,,0,,,0,0,1,4,2,1.5,8,11,1,8.30%
763,Darryl Roberts,WAS,31,DB,6,3,0,18,7,38.90%,139,19.9,7.7,0,66.7,15.2,68,71,0,0,0,0,0,12,0,0.00%
764,Brennan Scarlett,MIA,28,LB,13,4,0,3,2,66.70%,23,11.5,7.7,0,89.6,2.7,3,20,5,0,1,0,1,19,1,5.00%
765,Teez Tabor,CHI,26,DB,6,1,0,2,1,50.00%,2,2,1,0,56.2,1.5,-6,8,0,0,0,0,0,8,1,11.10%
766,Jahlani Tavai,NWE,25,LB,13,0,0,5,5,100.00%,116,23.2,23.2,1,158.3,4.8,24,92,0,0,0,0,0,14,2,12.50%
767,Kemoko Turay,IND,26,LB,13,0,0,2,1,50.00%,7,7,3.5,1,97.9,5.5,7,0,2,4,2,5.5,12,9,2,18.20%
768,Joe Walker,ARI,29,LB,12,0,0,3,2,66.70%,43,21.5,14.3,0,109.7,11,11,32,0,0,0,0,0,11,1,8.30%
769,Jordan Willis,SFO,26,LB,10,0,0,0,0,,0,,,0,,,0,0,0,1,2,3,6,15,0,0.00%
770,Tavon Wilson,SFO,31,DB,8,1,0,5,3,60.00%,92,30.7,18.4,0,104.2,19.8,73,19,0,0,0,0,0,10,1,9.10%
771,Chase Winovich,NWE,26,LB,13,0,0,1,1,100.00%,6,6,6,0,91.7,5,5,1,4,2,1,0,3,11,0,0.00%
772,Eli Ankou,2TM,27,DT,6,1,0,1,1,100.00%,0,0,0,0,79.2,-4,-4,4,0,0,0,1,1,12,0,0.00%
773,Marquise Blair,SEA,24,DB,6,0,0,9,5,55.60%,57,11.4,6.3,0,74.8,8.4,15,42,1,0,0,0,0,9,3,25.00%
774,Brady Breeze,2TM,24,,9,0,0,1,1,100.00%,0,0,0,0,79.2,25,0,0,0,0,0,0,0,6,0,0.00%
775,Isaiah Buggs,PIT,25,NT,10,6,0,0,0,,0,,,0,,,0,0,0,0,0,0,0,17,1,5.60%
776,Mike Daniels,CIN,32,DT,2,1,0,0,0,,0,,,0,,,0,0,0,0,0,0,0,5,1,16.70%
777,Corn Elder,WAS,27,DB,5,0,0,5,4,80.00%,60,15,12,0,116.7,8.2,21,39,0,0,0,0,0,5,1,16.70%
778,Deshazor Everett,WAS,29,DB,14,0,0,2,0,0.00%,0,,0,0,39.6,0.5,0,0,2,0,0,0,0,10,1,9.10%
779,Breiden Fehoko,LAC,25,DT,8,1,0,0,0,,0,,,0,,,0,0,0,0,0,0,0,13,1,7.10%
780,Neville Gallimore,DAL,24,DT,5,4,0,1,1,100.00%,-8,-8,-8,0,79.2,-7,-7,-1,1,1,0,1.5,3,13,1,7.10%
781,Bryce Huff,NYJ,23,RDE,9,7,0,1,1,100.00%,17,17,17,1,158.3,10,10,7,3,3,5,2,11,14,0,0.00%
782,Shemar Jean-Charles,GNB,23,DB,14,0,0,6,6,100.00%,70,11.7,11.7,0,115.3,2.3,14,56,0,0,0,0,0,8,0,0.00%
783,Chris Jones,TEN,26,DB,7,0,0,10,3,30.00%,27,9,2.7,0,39.6,6.9,23,4,0,0,0,0,0,7,0,0.00%
784,Khalid Kareem,CIN,23,DE,7,1,0,0,0,,0,,,0,,,0,0,0,1,2,0,3,9,2,18.20%
785,P.J. Locke,DEN,24,DB,16,0,0,1,1,100.00%,8,8,8,0,100,2,2,6,1,0,1,0,1,6,1,14.30%
786,Jovante Moffatt,CLE,25,S,5,0,0,2,2,100.00%,28,14,14,0,118.7,12.5,25,3,1,1,0,0,1,9,0,0.00%
787,Rakeem Nunez-Roches,TAM,28,DT,16,1,0,2,2,100.00%,17,8.5,8.5,0,102.1,-0.5,-1,18,1,4,1,0,5,17,4,19.00%
788,Dayo Odeyingbo,IND,22,DE,10,0,0,1,1,100.00%,7,7,7,0,95.8,0,0,7,1,2,1,0.5,4,6,0,0.00%
789,Wyatt Ray,CIN,25,LB,15,1,0,0,0,,0,,,0,,,0,0,0,0,1,1,2,15,1,6.30%
790,Sheldrick Redwine,2TM,25,DB,6,0,0,3,3,100.00%,107,35.7,35.7,1,158.3,31,93,14,1,0,0,0,0,8,0,0.00%
791,J.R. Reed,2TM,25,S,9,0,0,2,2,100.00%,17,8.5,8.5,0,102.1,0.5,1,16,2,1,0,0,1,13,0,0.00%
792,Giovanni Ricci,CAR,25,FB,16,1,0,0,0,,0,,,0,,,0,0,3,0,0,0,0,7,0,0.00%
793,Bunmi Rotimi,WAS,26,DE,9,1,0,0,0,,0,,,0,,,0,0,1,1,0,1,2,10,0,0.00%
794,Tye Smith,MIN,28,DB,5,0,0,2,2,100.00%,7,3.5,3.5,0,81.2,2,4,3,0,0,0,0,0,6,0,0.00%
795,Deionte Thompson,ARI,24,DB,17,0,0,1,1,100.00%,5,5,5,0,87.5,1,1,4,0,0,0,0,0,8,0,0.00%
796,Jacob Tuioti-Mariner,ATL,25,DT,6,0,0,2,2,100.00%,12,6,6,0,91.7,1,2,10,3,3,0,2,5,9,1,10.00%
797,Tim Ward,NYJ,24,DE,11,0,0,4,2,50.00%,26,13,6.5,0,70.8,-4,-9,35,0,4,0,0,4,12,3,20.00%
798,Daniel Wise,WAS,25,DT,6,1,0,0,0,,0,,,0,,,0,0,0,2,1,0,3,10,0,0.00%
799,Daryl Worley,2TM,26,DB,4,0,0,11,8,72.70%,125,15.6,11.4,2,149.6,10.5,68,57,2,1,0,0,1,7,0,0.00%
800,Dakota Allen,JAX,26,LB,14,1,0,1,0,0.00%,0,,0,0,39.6,1,0,0,3,0,0,0,0,9,1,10.00%
801,Chris Banjo,ARI,31,DB,16,0,0,1,0,0.00%,0,,0,0,39.6,21,0,0,1,0,0,0,0,7,0,0.00%
802,Daren Bates,ATL,31,LB,7,0,0,1,1,100.00%,3,3,3,0,79.2,3,3,0,1,0,0,0,0,6,0,0.00%
803,Christian Blake,ATL,25,WR,16,0,0,0,0,,0,,,0,,,0,0,1,0,0,0,0,4,0,0.00%
804,Terrell Burgess,LAR,23,S,16,2,0,6,5,83.30%,31,6.2,5.2,0,88.2,2.7,8,23,1,0,0,0,0,10,1,9.10%
805,Austin Calitro,CIN,27,LB,5,0,0,1,1,100.00%,10,10,10,0,108.3,-2,-2,12,0,0,0,0,0,6,0,0.00%
806,Maurice Canady,DAL,27,DB,8,0,0,4,4,100.00%,60,15,15,1,158.3,14,56,4,0,0,0,0,0,6,0,0.00%
807,Marquise Copeland,LAR,24,DT,9,0,0,0,0,,0,,,0,,,0,0,0,1,0,0,1,10,1,9.10%
808,Daniel Ekuale,NWE,27,DT,7,0,0,0,0,,0,,,0,,,0,0,0,0,0,2,2,5,0,0.00%
809,Caleb Farley,TEN,23,DB,3,1,0,9,7,77.80%,75,10.7,8.3,0,101.4,5.1,36,39,0,0,0,0,0,4,2,33.30%
810,Darrick Forrest,WAS,22,DB,8,0,0,0,0,,0,,,0,,,0,0,2,0,1,0,1,7,0,0.00%
811,Jordan Glasgow,IND,25,LB,12,0,0,0,0,,0,,,0,,,0,0,1,0,0,0,0,6,0,0.00%
812,Kemon Hall,LAC,24,DB,16,0,0,2,2,100.00%,44,22,22,0,118.7,8,16,28,1,0,1,0,1,7,0,0.00%
813,De'Jon Harris,WAS,24,LB,5,0,0,0,0,,0,,,0,,,0,0,1,0,0,1,1,4,1,20.00%
814,Khaleke Hudson,WAS,24,S,12,1,0,2,2,100.00%,23,11.5,11.5,1,154.2,0.5,1,22,2,0,1,0,1,9,0,0.00%
815,Juju Hughes,LAR,23,DB,7,0,0,5,5,100.00%,67,13.4,13.4,1,158.3,10.8,54,13,0,0,0,0,0,5,0,0.00%
816,Godwin Igwebuike,DET,27,DB,17,1,0,1,1,100.00%,52,52,52,0,118.7,40,40,12,0,0,0,0,0,7,0,0.00%
817,Caleb Johnson,CHI,23,LB,14,0,0,1,0,0.00%,0,,0,0,39.6,4,0,0,0,0,0,0,0,8,0,0.00%
818,Brandon King,NWE,28,DB,16,0,0,1,1,100.00%,16,16,16,0,118.7,-3,-3,19,0,0,0,0,0,10,0,0.00%
819,Cassius Marsh,CHI,29,DE,4,0,0,0,0,,0,,,0,,,0,0,9,1,1,1,3,6,0,0.00%
820,Jared Mayden,PHI,23,S,4,0,0,1,1,100.00%,37,37,37,0,118.7,18,18,19,0,0,0,0,0,6,0,0.00%
821,Herb Miller,CLE,24,DB,9,0,0,1,1,100.00%,26,26,26,0,118.7,24,24,2,1,0,0,0,0,5,0,0.00%
822,Larrell Murchison,TEN,24,DE,11,5,0,1,1,100.00%,3,3,3,0,79.2,-6,-6,9,0,2,0,0,2,8,0,0.00%
823,Dorian O'Daniel,KAN,27,LB,17,0,0,5,5,100.00%,24,4.8,4.8,0,86.7,1,5,19,2,0,0,0,0,7,0,0.00%
824,Steven Parker,NYG,26,DB,9,0,0,5,2,40.00%,8,4,1.6,0,47.9,5,7,1,1,0,0,0,0,6,0,0.00%
825,Aaron Patrick,DEN,25,LB,12,1,0,1,1,100.00%,8,8,8,0,100,-4,-4,12,0,4,0,0,4,8,0,0.00%
826,John Penisini,DET,24,DT,16,0,0,0,0,,0,,,0,,,0,0,0,2,1,0,3,14,4,22.20%
827,Malcolm Roach,NOR,23,DT,7,2,1,0,0,,0,,,0,,,0,0,1,0,2,0,2,10,0,0.00%
828,John Simon,2TM,31,DE,3,0,0,1,1,100.00%,13,13,13,0,118.7,11,11,2,2,1,1,0,2,6,1,14.30%
829,Chris Smith,HOU,29,DE,4,0,0,0,0,,0,,,0,,,0,0,0,1,1,1.5,4,8,1,11.10%
830,Ryan Smith,LAC,28,DB,4,1,0,2,1,50.00%,23,23,11.5,0,91.7,27,17,6,0,0,0,0,0,5,1,16.70%
831,Noah Spence,CIN,27,LB,2,0,0,1,1,100.00%,5,5,5,0,87.5,3,3,2,2,0,2,0,2,6,0,0.00%
832,James Vaughters,ATL,28,LB,10,0,0,2,2,100.00%,31,15.5,15.5,0,118.7,3,6,25,0,0,3,1,4,8,2,20.00%
833,Chris Williamson,ATL,24,CB,5,1,0,5,4,80.00%,48,12,9.6,1,146.2,8.4,39,9,0,0,0,0,0,5,1,16.70%
834,Oshane Ximines,NYG,25,DE,10,0,0,2,1,50.00%,3,3,1.5,0,56.2,-3,-1,4,8,2,2,0,4,13,1,7.10%
835,Olamide Zaccheaus,ATL,24,WR,17,8,0,1,1,100.00%,0,0,0,0,79.2,4,0,0,0,0,0,0,0,5,0,0.00%
836,Quinton Bohanna,DAL,22,DT,14,1,0,0,0,,0,,,0,,,0,0,0,1,0,0,1,10,2,16.70%
837,Blake Cashman,NYJ,25,LB,3,1,0,5,4,80.00%,49,12.3,9.8,0,107.5,-0.8,0,49,2,0,0,0,0,3,0,0.00%
838,L.J. Collier,SEA,26,DE,10,0,0,1,1,100.00%,9,9,9,0,104.2,5,5,4,0,1,4,0,5,8,1,11.10%
839,Ken Crawley,NOR,28,DB,6,0,0,5,4,80.00%,52,13,10.4,1,149.6,13,46,6,1,0,0,0,0,3,0,0.00%
840,Michael Dwumfour,HOU,23,DT,3,1,0,0,0,,0,,,0,,,0,0,0,0,2,0.5,3,5,0,0.00%
841,Jordan Evans,CIN,26,LB,5,0,0,2,2,100.00%,18,9,9,0,104.2,4,8,10,2,0,0,0,0,5,0,0.00%
842,Jaylon Ferguson,BAL,26,DE,10,0,0,1,1,100.00%,3,3,3,0,79.2,0,0,3,6,0,2,0,2,6,1,14.30%
843,Dee Ford,SFO,30,LB,6,0,0,0,0,,0,,,0,,,0,0,3,3,1,3,7,5,0,0.00%
844,Trent Harris,NYG,26,DT,4,0,0,0,0,,0,,,0,,,0,0,2,0,0,0,0,7,0,0.00%
845,Bruce Hector,DET,27,DT,3,0,0,0,0,,0,,,0,,,0,0,0,0,0,0,0,5,1,16.70%
846,Jaycee Horn,CAR,22,DB,3,3,1,7,2,28.60%,18,9,2.6,1,39.6,11.9,11,7,1,0,0,0,0,5,1,16.70%
847,Phil Hoskins,CAR,24,DT,3,0,0,0,0,,0,,,0,,,0,0,0,0,0,1,1,4,0,0.00%
848,Albert Huggins,NOR,24,DT,9,1,0,0,0,,0,,,0,,,0,0,0,0,2,0,2,16,0,0.00%
849,Raymond Johnson,NYG,23,DE,15,0,0,0,0,,0,,,0,,,0,0,0,0,0,1,1,4,1,20.00%
850,Ryan Kerrigan,PHI,33,DE,16,2,0,1,1,100.00%,2,2,2,1,118.7,2,2,0,0,9,1,0,10,3,0,0.00%
851,Jordan Kunaszyk,WAS,25,LB,11,0,0,1,1,100.00%,9,9,9,1,143.7,3,3,6,0,0,0,0,0,4,0,0.00%
852,Chris Lammons,KAN,25,DB,12,0,0,4,2,50.00%,17,8.5,4.3,0,61.5,-0.5,3,14,1,0,0,0,0,6,0,0.00%
853,Cameron Lewis,BUF,24,DB,7,1,0,5,1,20.00%,4,4,0.8,0,39.6,1.4,5,-1,2,0,0,0,0,6,1,14.30%
854,Bradley McDougald,2TM,31,DB,3,1,0,1,1,100.00%,51,51,51,0,118.7,51,51,0,0,0,0,0,0,5,1,16.70%
855,Kai Nacua,2TM,26,DB,4,0,0,1,1,100.00%,19,19,19,0,118.7,19,19,0,0,0,0,0,0,4,0,0.00%
856,Hamsah Nasirildeen,NYJ,22,DB,12,2,0,2,2,100.00%,32,16,16,0,118.7,3,6,26,0,0,0,0,0,10,1,9.10%
857,Jeff Okudah,DET,22,CB,1,1,0,4,3,75.00%,109,36.3,27.3,1,156.2,11,34,75,0,0,0,0,0,4,0,0.00%
858,Romeo Okwara,DET,26,DE,4,4,0,2,2,100.00%,12,6,6,1,131.2,-1,-2,14,5,3,2,1,6,6,0,0.00%
859,Kareem Orr,LAR,24,DB,2,0,0,5,5,100.00%,66,13.2,13.2,0,118.7,9.8,49,17,0,0,0,0,0,4,1,20.00%
860,Nickell Robey-Coleman,DET,29,DB,1,0,0,3,2,66.70%,17,8.5,5.7,0,81.2,6.7,13,4,0,0,0,0,0,4,0,0.00%
861,Curtis Robinson,2TM,23,LB,6,0,0,0,0,,0,,,0,,,0,0,3,0,1,0,1,6,2,25.00%
862,Rashard Robinson,TAM,26,DB,7,0,0,1,1,100.00%,14,14,14,0,118.7,14,14,0,0,0,0,0,0,4,0,0.00%
863,Damion Square,3TM,32,DE,9,1,0,0,0,,0,,,0,,,0,0,0,2,2,0.5,5,9,0,0.00%
864,Stantley Thomas-Oliver,CAR,23,CB,12,0,0,2,2,100.00%,14,7,7,1,135.4,1.5,3,11,0,0,0,0,0,7,0,0.00%
865,Darian Thompson,DAL,28,DB,5,0,0,1,1,100.00%,19,19,19,0,118.7,19,19,0,1,0,0,0,0,3,0,0.00%
866,Josh Tupou,CIN,27,DT,17,9,0,0,0,,0,,,0,,,0,0,0,2,1,0,3,12,2,14.30%
867,Zeke Turner,ARI,25,DB,5,0,0,2,2,100.00%,15,7.5,7.5,0,97.9,5.5,11,4,0,0,0,0,0,4,0,0.00%
868,Jason Verrett,SFO,30,DB,1,1,0,5,2,40.00%,24,12,4.8,0,55.4,9.8,18,6,0,0,0,0,0,5,0,0.00%
869,Mark Webb,LAC,23,DB,7,0,0,1,1,100.00%,28,28,28,0,118.7,26,26,2,0,0,0,0,0,3,0,0.00%
870,Kristian Welch,BAL,23,LB,16,0,0,1,0,0.00%,0,,0,0,39.6,12,0,0,0,1,0,0,1,13,0,0.00%
871,Brandon Wilson,CIN,27,RB,9,1,0,1,0,0.00%,0,,0,0,39.6,44,0,0,0,0,0,0,0,6,0,0.00%
872,McTelvin Agim,DEN,24,DT,7,0,0,0,0,,0,,,0,,,0,0,0,0,1,1.5,3,4,0,0.00%
873,Tyson Alualu,PIT,34,DT,2,2,0,0,0,,0,,,0,,,0,0,0,0,1,0,1,5,1,16.70%
874,Bradlee Anae,DAL,23,DE,4,0,0,0,0,,0,,,0,,,0,0,1,0,0,0,0,2,0,0.00%
875,Damon Arnette,LVR,25,CB,4,0,0,7,4,57.10%,87,21.8,12.4,0,101.5,20.3,73,14,0,0,0,0,0,4,1,20.00%
876,Rashod Berry,DET,25,TE,5,0,0,0,0,,0,,,0,,,0,0,9,0,1,0,1,3,0,0.00%
877,Tashawn Bower,2TM,26,DE,6,0,0,1,0,0.00%,0,,0,0,39.6,-4,0,0,0,0,0,1,1,4,0,0.00%
878,Brandin Bryant,BUF,28,DT,2,0,0,0,0,,0,,,0,,,0,0,0,0,1,0,1,2,0,0.00%
879,John Cominsky,ATL,26,DE,4,0,0,0,0,,0,,,0,,,0,0,0,0,0,0,0,2,2,50.00%
880,Carter Coughlin,NYG,24,LB,7,0,0,2,2,100.00%,17,8.5,8.5,0,102.1,1.5,3,14,7,1,0,0,1,6,1,14.30%
881,Jalen Davis,CIN,25,DB,15,0,0,4,2,50.00%,16,8,4,0,60.4,2,7,9,0,0,0,0,0,7,1,12.50%
882,Javaris Davis,MIA,25,CB,1,0,0,4,2,50.00%,32,16,8,0,77.1,17.5,32,0,0,0,0,0,0,2,0,0.00%
883,Darqueze Dennard,2TM,30,DB,2,0,0,3,1,33.30%,12,12,4,0,46.5,6.3,12,0,0,0,0,0,0,3,0,0.00%
884,Mario Edwards,CHI,27,DE,12,1,0,0,0,,0,,,0,,,0,0,0,1,3,2,7,8,3,27.30%
885,Mark Gilbert,DET,24,DB,8,0,0,8,3,37.50%,44,14.7,5.5,0,56.2,7.8,19,25,0,0,0,0,0,3,2,40.00%
886,Brandon Graham,PHI,33,DE,2,2,0,0,0,,0,,,0,,,0,0,0,2,1,0,3,2,1,33.30%
887,Ladarius Hamilton,GNB,23,LB,6,0,0,0,0,,0,,,0,,,0,0,5,1,2,0,3,3,0,0.00%
888,Damar Hamlin,BUF,23,DB,14,0,0,3,0,0.00%,0,,0,0,39.6,14,0,0,1,0,0,0,0,2,0,0.00%
889,Trayvon Henderson,CIN,26,DB,2,0,0,1,1,100.00%,9,9,9,0,104.2,5,5,4,0,0,0,0,0,4,1,20.00%
890,Bruce Irvin,CHI,34,DE,6,1,0,2,2,100.00%,20,10,10,0,108.3,-1.5,-3,23,15,2,1,0,3,7,1,12.50%
891,Buddy Johnson,PIT,22,LB,4,0,0,0,0,,0,,,0,,,0,0,0,0,0,0,0,2,1,33.30%
892,Azur Kamara,DAL,25,LB,9,0,0,1,1,100.00%,14,14,14,0,118.7,3,3,11,0,2,0,0,2,3,1,25.00%
893,Zach Kerr,3TM,31,DT,7,0,0,1,1,100.00%,11,11,11,0,112.5,-5,-5,16,0,0,0,0,0,6,1,14.30%
894,Malcolm Koonce,LVR,23,LB,5,0,0,0,0,,0,,,0,,,0,0,0,0,0,2,2,3,0,0.00%
895,Richard LeCounte,CLE,23,DB,9,1,0,2,2,100.00%,15,7.5,7.5,1,137.5,3,6,9,0,0,0,0,0,3,0,0.00%
896,Rick Lovato,PHI,29,C,17,0,0,2,2,100.00%,15,7.5,7.5,0,97.9,0,0,15,0,0,0,0,0,2,0,0.00%
897,Kamal Martin,CAR,23,LB,6,1,0,1,1,100.00%,29,29,29,0,118.7,-7,-7,36,0,0,0,0,0,2,1,33.30%
898,Forrest Merrill,LAC,25,DT,4,0,0,0,0,,0,,,0,,,0,0,0,1,0,0,1,4,1,20.00%
899,Andre Mintze,DEN,23,LB,6,0,0,0,0,,0,,,0,,,0,0,2,0,0,0,0,4,1,20.00%
900,Pat O'Connor,TAM,28,DE,13,0,0,0,0,,0,,,0,,,0,0,0,0,1,0.5,2,4,0,0.00%
901,Josh Oliver,BAL,24,TE,14,1,0,0,0,,0,,,0,,,0,0,0,0,1,0,1,4,1,20.00%
902,Jamal Perry,MIA,27,DB,4,0,0,0,0,,0,,,0,,,0,0,1,0,0,0,0,2,0,0.00%
903,Jalen Reagor,PHI,22,WR,17,13,0,0,0,,0,,,0,,,0,0,1,0,0,0,0,2,0,0.00%
904,Hunter Renfrow*,LVR,26,WR,17,9,0,1,0,0.00%,0,,0,0,39.6,10,0,0,0,0,0,0,0,2,0,0.00%
905,Chauncey Rivers,GNB,24,DE,4,0,0,0,0,,0,,,0,,,0,0,9,2,0,0,2,2,0,0.00%
906,D'Angelo Ross,NWE,25,DB,3,1,0,3,2,66.70%,8,4,2.7,0,70.1,2,-2,10,1,1,0,0,1,3,1,25.00%
907,Khalen Saunders,KAN,25,DT,7,0,0,0,0,,0,,,0,,,0,0,0,2,0,0,2,8,0,0.00%
908,Kendall Sheffield,ATL,25,DB,9,0,0,2,1,50.00%,10,10,5,0,64.6,6.5,10,0,0,0,0,0,0,4,0,0.00%
909,Elerson Smith,NYG,23,DE,8,0,0,1,1,100.00%,6,6,6,0,91.7,0,0,6,1,1,2,0,3,8,2,20.00%
910,Shaka Toney,WAS,23,LB,10,1,0,0,0,,0,,,0,,,0,0,1,5,1,1.5,8,8,0,0.00%
911,Kary Vincent Jr.,PHI,22,DB,2,1,0,4,4,100.00%,37,9.3,9.3,0,105.2,3.8,15,22,0,0,0,0,0,2,1,33.30%
912,Jace Whittaker,ARI,26,DB,2,0,0,2,1,50.00%,13,13,6.5,0,70.8,4,8,5,3,0,1,0,1,3,0,0.00%
913,Justin Zimmer,BUF,29,DT,6,0,0,0,0,,0,,,0,,,0,0,0,2,3,1,6,8,0,0.00%
914,Abdullah Anderson,GNB,25,DE,3,0,0,0,0,,0,,,0,,,0,0,0,1,0,0,1,2,0,0.00%
915,Jeremiah Attaochu,CHI,28,LB,5,0,0,1,1,100.00%,2,2,2,0,79.2,-6,-6,8,2,1,1,0,2,2,0,0.00%
916,Kalen Ballage,PIT,26,RB,17,0,0,0,0,,0,,,0,,,0,0,0,0,0,0,0,1,1,50.00%
917,Ben Banogu,IND,25,LB,9,0,0,2,2,100.00%,20,10,10,0,108.3,0.5,1,19,2,0,1,0,1,2,0,0.00%
918,Essang Bassey,2TM,23,CB,2,0,0,3,3,100.00%,49,16.3,16.3,0,118.7,6.7,20,29,0,0,0,0,0,1,0,0.00%
919,Francis Bernard,DAL,26,LB,8,0,0,0,0,,0,,,0,,,0,0,1,0,0,0,0,4,0,0.00%
920,Amani Bledsoe,TEN,23,DE,5,2,0,0,0,,0,,,0,,,0,0,0,0,0,0,0,1,1,50.00%
921,Tyler Coyle,DAL,23,S,2,0,0,1,0,0.00%,0,,0,0,39.6,8,0,0,0,0,0,0,0,2,0,0.00%
922,Noah Dawkins,NYJ,24,LB,2,0,0,1,0,0.00%,0,,0,0,39.6,-7,0,0,0,0,0,0,0,2,0,0.00%
923,Emeke Egbule,LAC,25,LB,3,0,0,0,0,,0,,,0,,,0,0,1,0,1,0,1,2,0,0.00%
924,Emmanuel Ellerbee,ATL,25,LB,4,0,0,0,0,,0,,,0,,,0,0,3,0,0,0,0,1,0,0.00%
925,Tyree Gillespie,LVR,23,DB,11,0,0,1,1,100.00%,1,1,1,0,79.2,-7,-7,8,0,0,0,0,0,8,0,0.00%
926,Tay Gowan,PHI,23,DB,2,0,0,2,1,50.00%,8,8,4,1,100,11,4,4,0,0,0,0,0,2,0,0.00%
927,Kendrick Green,PIT,23,C,15,15,0,1,0,0.00%,0,,0,0,39.6,32,0,0,0,0,0,0,0,1,0,0.00%
928,Da'Shawn Hand,2TM,26,DE,4,0,0,0,0,,0,,,0,,,0,0,0,0,0,0,0,2,1,33.30%
929,Nick Harris,CLE,23,C,11,1,0,0,0,,0,,,0,,,0,0,1,0,0,0,0,1,0,0.00%
930,Khalil Herbert,CHI,23,RB,17,2,0,0,0,,0,,,0,,,0,0,0,0,0,0,0,3,1,25.00%
931,Josh Jackson,KAN,25,DB,2,0,0,1,0,0.00%,0,,0,0,39.6,10,0,0,0,0,0,0,0,4,0,0.00%
932,Michael Jackson,SEA,24,DB,2,0,0,2,0,0.00%,0,,0,0,39.6,2.5,0,0,0,0,0,0,0,2,0,0.00%
933,Robert Jackson,BAL,28,DB,5,0,0,3,3,100.00%,21,7,7,2,135.4,3.7,11,10,0,0,0,0,0,3,0,0.00%
934,Karl Joseph,PIT,28,DB,2,0,0,2,1,50.00%,14,14,7,0,72.9,7.5,11,3,1,0,0,0,0,2,0,0.00%
935,Thakarius Keyes,2TM,24,,5,0,0,1,1,100.00%,43,43,43,1,158.3,41,41,2,0,0,0,0,0,1,0,0.00%
936,Javon Kinlaw,SFO,24,DT,4,4,0,0,0,,0,,,0,,,0,0,0,0,1,0,1,8,1,11.10%
937,Isaiah Mack,BAL,25,DT,2,0,0,0,0,,0,,,0,,,0,0,0,0,0,1,1,3,0,0.00%
938,Jonathan Marshall,NYJ,24,DT,4,0,0,0,0,,0,,,0,,,0,0,0,0,1,0,1,2,0,0.00%
939,Josh Mauro,ARI,30,DE,5,1,0,0,0,,0,,,0,,,0,0,0,0,0,1,1,3,0,0.00%
940,Torry McTyer,WAS,26,DB,4,0,0,5,1,20.00%,19,19,3.8,0,42.9,10.4,12,7,0,0,0,0,0,1,0,0.00%
941,David Moa,NYG,25,DT,4,1,0,0,0,,0,,,0,,,0,0,0,1,0,0,1,3,1,25.00%
942,Quenton Nelson*,IND,25,LG,13,13,0,0,0,,0,,,0,,,0,0,1,0,0,0,0,1,0,0.00%
943,Parry Nickerson,MIN,27,DB,4,0,0,2,2,100.00%,19,9.5,9.5,0,106.2,3,6,13,0,0,0,0,0,1,2,66.70%
944,Daviyon Nixon,CAR,23,DT,7,0,0,0,0,,0,,,0,,,0,0,0,1,1,0.5,3,9,0,0.00%
945,Brandon Rusnak,JAX,26,DB,4,0,0,2,1,50.00%,12,12,6,1,108.3,18,9,3,0,0,0,0,0,1,0,0.00%
946,T.J. Smith,MIN,24,DT,1,0,0,0,0,,0,,,0,,,0,0,0,0,0,0,0,3,1,25.00%
947,Za'Darius Smith,GNB,29,DE,1,0,0,0,0,,0,,,0,,,0,0,2,0,0,0,0,1,1,50.00%
948,JaCoby Stevens,PHI,23,DB,2,1,0,3,1,33.30%,9,9,3,1,81.9,6.7,9,0,1,0,0,0,0,3,0,0.00%
949,Nick Thurman,ATL,26,DE,1,0,0,0,0,,0,,,0,,,0,0,0,0,1,0,1,1,0,0.00%
950,Rodarius Williams,NYG,25,DB,5,0,0,4,4,100.00%,70,17.5,17.5,1,158.3,6.8,27,43,0,0,0,0,0,1,2,66.70%
951,Jabari Zuniga,NYJ,24,DE,3,0,0,0,0,,0,,,0,,,0,0,0,1,0,1,2,3,0,0.00%
952,Myles Adams,SEA,23,DT,2,0,0,1,1,100.00%,16,16,16,0,118.7,-6,-6,22,0,0,0,0,0,5,0,0.00%
953,Ryquell Armstead,JAX,25,RB,2,0,0,1,1,100.00%,46,46,46,0,118.7,-1,-1,47,0,0,0,0,0,0,0,
954,William Bradley-King,WAS,24,DE,3,0,0,0,0,,0,,,0,,,0,0,1,2,0,0.5,3,5,0,0.00%
955,Sean Davis,3TM,28,DB,6,0,0,0,0,,0,,,0,,,0,0,1,0,0,0,0,0,1,100.00%
956,Victor Dimukeje,ARI,22,DE,14,0,0,1,1,100.00%,7,7,7,0,95.8,5,5,2,2,1,1,0,2,3,1,25.00%
957,Feleipe Franks,ATL,24,QB,9,0,0,0,0,,0,,,0,,,0,0,0,0,0,0,0,0,2,100.00%
958,Damien Harris,NWE,24,RB,15,15,0,0,0,,0,,,0,,,0,0,0,0,0,0,0,0,1,100.00%
959,Demone Harris,2TM,26,DE,3,1,0,0,0,,0,,,0,,,0,0,0,0,1,0,1,0,0,
960,Trey Hopkins,CIN,29,C,15,15,0,0,0,,0,,,0,,,0,0,0,0,0,0,0,0,1,100.00%
961,Kevin Huber,CIN,36,P,17,0,0,0,0,,0,,,0,,,0,0,1,0,0,0,0,0,0,
962,D'Ernest Johnson,CLE,25,RB,17,2,0,1,1,100.00%,50,50,50,0,118.7,2,2,48,0,0,0,0,0,1,0,0.00%
963,Joshua Kaindoh,KAN,23,DE,3,0,0,0,0,,0,,,0,,,0,0,1,1,0,0,1,0,0,
964,Tom Kennedy,DET,25,WR,12,0,0,0,0,,0,,,0,,,0,0,1,0,0,0,0,0,0,
965,Sam Koch,BAL,39,P,17,0,0,0,0,,0,,,0,,,0,0,1,0,0,0,0,0,0,
966,Justin Lawler,LAR,27,DE,3,0,0,1,1,100.00%,5,5,5,0,87.5,-6,-6,11,0,1,0,0,1,1,0,0.00%
967,Cameron Malveaux,PHI,27,DE,3,0,0,0,0,,0,,,0,,,0,0,0,1,2,0,3,3,0,0.00%
968,Greg Mancz,MIA,29,C,5,4,0,0,0,,0,,,0,,,0,0,0,0,1,0,1,0,0,
969,Alexander Mattison,MIN,23,RB,16,4,0,0,0,,0,,,0,,,0,0,1,0,0,0,0,0,0,
970,T.Y. McGill,MIN,29,DT,2,0,0,0,0,,0,,,0,,,0,0,0,0,1,0,1,1,2,66.70%
971,Cameron Nizialek,ATL,26,P,4,0,0,1,1,100.00%,11,11,11,0,112.5,-3,-3,14,0,0,0,0,0,0,0,
972,Devine Ozigbo,2TM,25,RB,3,0,0,1,1,100.00%,14,14,14,0,118.7,13,13,1,0,0,0,0,0,0,0,
973,Bradley Pinion,TAM,27,P,15,0,0,0,0,,0,,,0,,,0,0,3,0,0,0,0,0,0,
974,Hamilcar Rashed Jr.,NYJ,23,LB,1,0,0,1,1,100.00%,3,3,3,0,79.2,-5,-5,8,1,0,0,0,0,1,0,0.00%
975,James Robinson,JAX,23,RB,14,13,0,1,1,100.00%,22,22,22,0,118.7,3,3,19,0,0,0,0,0,1,0,0.00%
976,Cesar Ruiz,NOR,22,RG/C,17,17,0,0,0,,0,,,0,,,0,0,1,0,0,0,0,0,0,
977,Ronnie Stanley,BAL,27,T,1,1,0,1,1,100.00%,2,2,2,0,79.2,1,1,1,0,0,0,0,0,0,0,
978,Brent Urban,DAL,30,DE,6,4,0,0,0,,0,,,0,,,0,0,0,3,0,0,3,3,2,40.00%
979,Ke'Shawn Vaughn,TAM,24,RB,12,1,0,1,1,100.00%,3,3,3,0,79.2,-7,-7,10,0,0,0,0,0,0,1,100.00%
980,Barrington Wade,DEN,23,LB,4,0,0,2,1,50.00%,11,11,5.5,0,66.7,0.5,-5,16,3,0,0,0,0,1,0,0.00%
981,Curtis Weaver,CLE,23,LB,1,0,0,0,0,,0,,,0,,,0,0,1,0,1,0,1,1,0,0.00%
982,Rashad Weaver,TEN,24,DE,2,0,0,0,0,,0,,,0,,,0,0,0,0,0,0,0,2,1,33.30%
983,Javin White,2TM,24,LB,2,0,0,0,0,,0,,,0,,,0,0,0,0,0,0,0,0,1,100.00%
984,Trill Williams,MIA,22,DB,1,0,0,0,0,,0,,,0,,,0,0,1,0,0,0,0,0,0,
